event_id,date,lat,lon,dep,mag
1,2018-08-27T21:46:18.220,-17.604,-69.8347,122.72,4.8
2,2018-08-27T04:16:07.610,-9.7583,-78.2991,62.13,4.2
3,2018-08-26T19:58:25.380,-11.2576,-70.6951,610.48,4.8
4,2018-08-24T09:04:06.780,-11.0424,-70.8169,609.48,7.1
5,2018-08-23T22:35:56.180,-9.3519,-76.0277,58.6,4.5
6,2018-08-20T06:13:17.980,-15.6301,-72.022,10,4.5
7,2018-08-17T18:39:13.900,-15.5709,-70.2424,218.44,4.6
8,2018-03-23T04:58:49.440,-4.83,-77.562,61.99,4.2
9,2018-03-16T01:00:36.280,-17.0087,-71.2801,81.66,4.3
10,2018-03-15T20:13:29.710,-8.5223,-71.5,590.04,4.5
11,2018-03-15T05:05:10.110,-17.2741,-71.1561,62.26,4.2
12,2018-03-13T17:35:03.940,-10.2699,-74.9846,35.68,5.1
13,2018-03-11T01:30:27.610,-7.543,-76.1583,108.17,4.1
14,2018-03-10T20:55:00.330,-4.8383,-81.3153,10.62,4
15,2018-03-06T11:38:46.200,-17.4023,-69.7612,163.47,4.2
16,2018-03-04T06:16:19.540,-5.7558,-80.9264,29.68,4.5
17,2018-02-26T06:26:56.490,-15.0975,-71.5136,114.11,4.7
18,2018-02-20T07:08:01.140,-16.5823,-69.7488,175.17,4.7
19,2018-02-19T08:56:23.720,-15.8761,-74.0764,52.32,4.7
20,2018-02-16T08:01:26.640,-5.891,-80.9604,24.82,4.7
21,2018-02-16T00:18:54.040,-5.7796,-81.0561,25.5,4.5
22,2018-02-11T18:06:34.000,-16.0488,-74.7822,10,4.5
23,2018-02-11T04:11:09.680,-16.6587,-74.1634,10,5.4
24,2018-02-07T13:55:09.100,-16.1999,-74.8194,10,4.2
25,2018-02-05T22:30:59.220,-15.9,-74.7325,10,4.7
26,2018-02-05T19:27:05.160,-12.8788,-78.0987,10,4.8
27,2018-02-04T21:47:28.550,-17.3979,-70.8098,40.45,4.7
28,2018-02-04T18:11:42.460,-15.939,-74.9688,51.2,4.4
29,2018-02-02T14:05:03.790,-16.5149,-69.7848,190.5,4.1
30,2018-02-01T05:35:51.950,-8.4029,-79.0973,63.34,4.3
31,2018-01-30T14:23:52.870,-15.8497,-74.6096,34,5.5
32,2018-01-29T11:25:17.860,-15.7262,-74.2296,60.12,4.7
33,2018-01-29T06:50:00.450,-8.3125,-74.2995,172.14,4.3
34,2018-01-28T06:03:47.980,-16.0079,-74.9247,10,4.8
35,2018-01-27T21:19:48.530,-11.2613,-74.2988,10,4.2
36,2018-01-27T20:26:34.390,-15.9063,-74.3703,44.58,4.7
37,2018-01-26T22:27:08.840,-15.8376,-74.6775,30.04,4.6
38,2018-01-26T14:31:07.430,-15.9873,-74.4516,35,4.3
39,2018-01-25T22:03:35.730,-4.8367,-76.5208,44.86,4.5
40,2018-01-23T13:45:34.400,-3.9586,-80.6661,45.15,4.4
41,2018-01-22T07:50:35.480,-7.7542,-78.832,125.12,4
42,2018-01-22T00:53:26.900,-10.5469,-74.9176,113.78,5
43,2018-01-21T06:40:56.980,-15.7426,-74.7467,31.07,5
44,2018-01-19T17:44:25.210,-15.956,-74.7636,10,4.6
45,2018-01-19T04:23:14.440,-15.9849,-74.4826,10,4.3
46,2018-01-19T01:11:39.030,-13.229,-74.578,80.84,5.3
47,2018-01-16T15:02:27.080,-15.7746,-74.595,47.11,4.8
48,2018-01-15T14:27:14.150,-15.524,-71.3668,133.64,4.5
49,2018-01-14T09:50:42.810,-15.8614,-74.4835,47.75,4.4
50,2018-01-14T09:18:45.540,-15.7675,-74.7092,39,7.1
51,2018-01-12T15:03:36.370,-15.5301,-71.1752,166.45,4.5
52,2018-01-03T05:09:12.910,-14.9878,-72.2073,100.46,4.2
53,2018-01-03T00:30:37.310,-8.4208,-74.808,147.72,4.6
54,2017-12-29T10:20:11.800,-10.2216,-74.9138,122.58,4.4
55,2017-12-29T08:11:41.270,-9.441,-74.8967,113.65,4.4
56,2017-12-27T12:49:06.910,-12.5185,-71.6872,30.25,4.3
57,2017-12-27T07:14:47.440,-13.0118,-74.3616,64.76,4.2
58,2017-12-26T18:47:35.060,-5.7259,-79.4438,81.37,4.3
59,2017-12-26T01:45:34.300,-14.1828,-72.8738,71.83,4
60,2017-12-25T02:17:12.010,-11.3094,-77.6612,78.64,4.2
61,2017-12-24T19:33:19.750,-14.186,-74.3524,65.87,4.7
62,2017-12-22T03:57:04.940,-5.3848,-80.5677,10,4.6
63,2017-12-20T18:16:11.200,-18.0344,-69.8686,109.87,4.9
64,2017-12-15T14:14:09.750,-18.0298,-70.1616,94.42,5
65,2017-12-15T11:11:02.400,-8.8034,-75.6284,50.39,4.8
66,2017-12-08T14:19:33.280,-7.3643,-74.9858,135.03,4.3
67,2017-12-07T02:37:45.350,-4.0919,-80.1753,68.62,4.4
68,2017-12-05T04:25:27.740,-15.7794,-71.7389,141.68,4.4
69,2017-12-03T07:51:28.600,-15.1012,-75.4887,24.98,4.5
70,2017-12-03T04:37:20.440,-8.3945,-74.42,176.82,4.2
71,2017-12-01T21:49:08.650,-8.2186,-76.1352,134.03,4.6
72,2017-11-29T06:29:06.970,-14.4095,-76.1594,16.87,5.7
73,2017-11-24T16:15:52.650,-12.1383,-76.1197,90.96,4.4
74,2017-11-24T14:04:58.640,-8.8329,-74.5049,153.36,4.7
75,2017-11-24T07:24:30.210,-11.9213,-77.2585,51.58,3.8
76,2017-11-21T22:44:41.990,-15.4337,-70.3842,221.43,4.3
77,2017-11-19T03:35:48.640,-4.1664,-80.6543,40.57,4.4
78,2017-11-18T23:03:55.200,-4.1696,-80.4735,44.98,4
79,2017-11-17T23:39:56.840,-17.6051,-69.8877,155.96,4.2
80,2017-11-17T00:33:23.540,-7.0553,-80.6116,35,4.6
81,2017-11-16T17:04:33.480,-17.7552,-69.8477,152.85,4.3
82,2017-11-16T12:55:28.460,-15.8279,-73.9659,60.58,4.7
83,2017-11-12T12:10:30.440,-16.1139,-72.1176,95.33,4.2
84,2017-11-08T20:13:10.590,-13.5124,-77.1152,16.57,4.7
85,2017-11-08T08:48:32.380,-14.8469,-75.3327,62.38,4.3
86,2017-11-08T02:30:41.030,-7.6427,-74.7169,142.09,4.2
87,2017-11-05T22:49:35.040,-8.6928,-74.3479,159,4.9
88,2017-11-04T09:01:05.010,-4.5055,-77.8678,45.5,4.1
89,2017-11-03T13:12:07.230,-15.6411,-70.4974,199.75,4.6
90,2017-11-01T04:27:49.710,-8.6919,-75.6375,10,4.2
91,2017-11-01T03:36:05.390,-11.7344,-77.2918,70.04,4.2
92,2017-10-30T17:12:06.590,-10.756,-74.6931,101.08,5.4
93,2017-10-29T05:30:00.590,-16.4226,-73.5627,35,4.3
94,2017-10-27T03:48:28.060,-8.4612,-79.9693,29.53,4.7
95,2017-10-24T20:59:26.810,-16.2233,-73.4108,114.9,4.2
96,2017-10-23T00:09:14.310,-12.3589,-77.2037,39.69,4.3
97,2017-10-22T07:48:07.540,-5.2366,-75.7149,35.24,4.4
98,2017-10-22T01:37:08.260,-15.1643,-73.9744,84.17,5
99,2017-10-21T21:38:30.230,-16.624,-73.5148,42.07,4.1
100,2017-10-17T13:39:03.760,-15.7139,-70.7393,209.77,4.4
101,2017-10-16T21:54:48.020,-16.7252,-69.6099,203.65,4.2
102,2017-10-14T20:53:58.660,-14.3437,-73.4389,58.07,4.9
103,2017-10-14T19:36:06.460,-11.9678,-76.4139,10,4.4
104,2017-10-06T15:32:10.140,-4.2813,-80.7921,35.17,4.5
105,2017-09-29T19:12:45.530,-16.0604,-72.6717,162.71,4.5
106,2017-09-27T20:58:21.120,-10.8691,-73.9242,104.23,4.4
107,2017-09-27T20:05:12.990,-15.1614,-71.6095,131.74,4.5
108,2017-09-26T08:33:23.300,-5.8816,-77.3785,10,4.4
109,2017-09-26T00:54:14.290,-12.1347,-77.6296,37.62,3.9
110,2017-09-25T18:32:05.060,-14.4689,-74.0055,85.33,4.3
111,2017-09-24T06:39:39.830,-14.3256,-75.5196,35.33,4.6
112,2017-09-20T17:51:41.180,-18.1418,-70.0717,97.54,4.7
113,2017-09-20T05:26:10.090,-16.293,-71.2327,106.18,5.3
114,2017-09-18T06:10:47.520,-11.3617,-75.8514,107.44,4.2
115,2017-09-15T04:10:38.860,-11.8929,-76.4215,10,4.3
116,2017-09-14T08:19:26.850,-11.9963,-76.4314,10,4.6
117,2017-09-09T10:44:27.200,-15.3425,-70.2262,224.81,4.2
118,2017-09-04T23:15:59.540,-15.1443,-71.6864,125.41,4.2
119,2017-09-04T11:56:13.950,-8.8225,-78.5142,103.52,4.5
120,2017-09-01T22:28:23.700,-8.5943,-74.3259,161.86,4.5
121,2017-09-01T18:16:30.610,-11.1281,-75.3784,101.69,4.5
122,2017-09-01T03:42:17.400,-15.554,-70.7921,170.2,4.6
123,2017-08-29T02:09:20.610,-15.4507,-70.3456,207.97,4.3
124,2017-08-28T10:05:31.680,-15.5598,-70.4666,198.76,4.3
125,2017-08-28T07:20:56.210,-13.5206,-70.2165,12.23,4.8
126,2017-08-28T06:26:47.890,-8.0014,-74.5755,153.18,4.1
127,2017-08-25T09:12:57.060,-15.2498,-73.3664,76.78,4.3
128,2017-08-24T09:24:53.130,-6.3469,-80.6988,10,4.2
129,2017-08-23T11:57:25.870,-15.2997,-74.0293,68.28,4.6
130,2017-08-20T17:42:16.510,-13.7578,-75.6917,79.75,5.1
131,2017-08-19T03:22:28.910,-10.792,-78.9689,39.49,4.6
132,2017-08-18T14:36:28.760,-14.7948,-71.1444,158.16,4.6
133,2017-08-18T00:53:53.490,-15.4084,-71.2687,140.87,4.4
134,2017-08-14T08:13:32.670,-10.8234,-75.2193,13.31,4.6
135,2017-08-14T06:25:18.870,-10.7356,-75.2522,39.04,4.7
136,2017-08-13T16:51:24.050,-10.7214,-74.5662,32,5.8
137,2017-08-12T06:30:45.130,-13.7139,-76.3176,43.49,4.3
138,2017-08-12T02:45:49.950,-8.8914,-75.5251,116.87,4.7
139,2017-08-11T21:45:09.400,-16.2986,-73.4744,41,5.6
140,2017-08-11T20:17:56.700,-5.2372,-80.9377,42.74,4.7
141,2017-08-09T22:03:17.330,-3.7161,-74.0341,10,4.2
142,2017-08-05T06:17:35.610,-16.7103,-71.0269,118.75,4.1
143,2017-08-03T23:17:22.410,-10.6215,-78.1232,58.2,4.8
144,2017-08-03T07:35:58.840,-10.8534,-75.1831,30.63,4.3
145,2017-08-02T20:10:56.730,-8.5233,-76.0308,42.65,4.7
146,2017-07-28T09:50:18.420,-7.6524,-75.7117,10,4.7
147,2017-07-27T14:02:07.680,-10.5165,-74.5667,120.96,4.6
148,2017-07-26T20:59:51.190,-7.4809,-75.667,20.59,5.1
149,2017-07-21T15:22:19.070,-15.7489,-74.4664,40.6,4.9
150,2017-07-20T21:00:18.550,-13.9267,-76.2137,35,4.5
151,2017-07-20T16:56:28.320,-14.0661,-73.4982,71.64,4.3
152,2017-07-19T10:05:18.170,-6.0752,-76.8929,64.33,4.3
153,2017-07-19T01:38:03.780,-13.5484,-76.8768,10,4.2
154,2017-07-18T17:48:19.470,-16.5137,-73.8748,45.89,4.3
155,2017-07-18T02:05:19.750,-16.4161,-73.6357,43.68,6.4
156,2017-07-14T17:41:43.410,-10.8193,-77.0692,119.14,4.4
157,2017-07-13T05:12:56.490,-14.4787,-76.4897,36.66,4.2
158,2017-07-11T22:28:24.870,-10.9801,-75.4316,15.98,4.4
159,2017-07-09T01:07:26.850,-11.6445,-77.1503,69.95,4.7
160,2017-07-08T04:51:58.380,-9.1044,-74.2661,146.71,4.7
161,2017-07-06T23:23:08.770,-10.4697,-78.2763,59.63,4.7
162,2017-07-04T16:33:58.170,-15.6786,-73.9824,67.17,4.4
163,2017-07-01T16:56:45.190,-10.7957,-74.6379,56.14,4.6
164,2017-06-30T08:36:25.660,-12.5794,-77.1242,39.96,4.3
165,2017-06-28T09:48:12.950,-12.7248,-76.704,55.92,4.2
166,2017-06-25T03:03:41.430,-4.4632,-80.029,77.89,4.3
167,2017-06-24T16:09:14.320,-15.4141,-73.3855,97,5.7
168,2017-06-24T09:25:20.730,-15.8225,-73.0764,165.64,4.1
169,2017-06-19T04:16:34.420,-3.6098,-77.1071,106.49,4.6
170,2017-06-18T08:05:50.000,-8.3328,-74.3205,165.29,4.2
171,2017-06-18T05:24:35.280,-14.4634,-76.295,24.81,4.3
172,2017-06-16T13:27:41.630,-16.4888,-70.1618,207.65,4
173,2017-06-16T10:18:03.610,-16.8732,-69.669,191.13,4.6
174,2017-06-15T18:27:03.900,-16.2632,-72.6073,79.76,4.4
175,2017-06-15T08:47:44.100,-16.9527,-69.6661,191.23,4.3
176,2017-06-08T21:24:40.470,-9.6266,-78.9887,35,4.8
177,2017-06-08T14:01:10.010,-7.9961,-75.8571,108.72,5.2
178,2017-06-08T04:27:43.330,-4.0532,-80.4516,57.26,4.5
179,2017-06-07T06:19:37.530,-15.9145,-74.6074,10,4.3
180,2017-06-07T04:33:19.650,-17.8997,-73.6328,25.68,4.9
181,2017-06-06T20:34:50.460,-4.137,-80.6966,95.45,4
182,2017-06-06T14:20:12.760,-16.3182,-70.4727,60.8,4.2
183,2017-06-05T11:34:11.290,-4.072,-80.3583,49,5.6
184,2017-06-05T04:08:34.500,-3.5168,-77.3642,57.27,4.2
185,2017-06-01T15:09:22.600,-15.9594,-74.5046,35,4.5
186,2017-05-28T13:34:29.740,-16.5109,-72.8305,63.33,4.1
187,2017-05-22T14:27:30.530,-16.2132,-70.5238,60.38,4.5
188,2017-05-21T10:14:19.260,-4.6948,-79.8665,86.67,4.8
189,2017-05-18T13:00:02.140,-14.526,-73.5141,10,4.3
190,2017-05-16T17:09:05.960,-14.5332,-73.4098,10,5.4
191,2017-05-16T13:56:21.950,-7.5765,-75.731,43.11,4.7
192,2017-05-15T08:10:30.430,-18.1231,-70.8223,83.86,4.4
193,2017-05-14T04:13:34.150,-15.9235,-69.7326,233.86,4.1
194,2017-05-09T01:51:32.040,-15.7816,-75.4895,35,4.1
195,2017-05-08T08:08:17.090,-8.0489,-76.6596,10,5.2
196,2017-05-06T19:52:14.580,-16.9194,-73.4773,12.97,5.1
197,2017-05-04T02:28:58.360,-8.5791,-74.3591,154.8,5.3
198,2017-05-03T12:42:48.000,-16.1192,-73.4438,47.51,5.1
199,2017-05-02T14:54:35.620,-15.6117,-72.0972,11.15,4.5
200,2017-04-30T17:35:49.220,-15.5863,-72.4559,10,4.6
201,2017-04-30T15:11:48.480,-15.6131,-71.7025,10,4.4
202,2017-04-30T14:50:50.840,-15.716,-71.9799,10,4.6
203,2017-04-30T13:35:55.170,-15.8303,-72.5021,14.89,4.8
204,2017-04-30T13:29:10.010,-15.7425,-71.8941,10,5.1
205,2017-04-29T20:58:30.940,-15.8663,-72.4081,100.44,4.1
206,2017-04-29T16:39:44.960,-16.1956,-69.7854,220.92,4.2
207,2017-04-24T02:15:37.040,-16.2478,-72.1937,151.13,4.1
208,2017-04-21T06:12:05.020,-9.0601,-75.8873,45.41,4.3
209,2017-04-19T07:21:56.160,-11.2101,-75.72,19.98,4.7
210,2017-04-12T00:45:21.670,-15.0549,-72.3707,81.38,4.6
211,2017-04-10T13:16:30.490,-14.7224,-74.3155,79.43,4.4
212,2017-04-09T14:04:08.990,-3.8194,-75.7956,35,4.5
213,2017-04-07T02:42:59.920,-14.3375,-73.6616,70.55,4.4
214,2017-04-06T17:15:21.320,-17.7187,-72.6095,8.72,5.1
215,2017-04-02T07:28:11.750,-9.9592,-75.4334,89,4.1
216,2017-04-02T01:38:53.820,-6.9809,-80.9044,10,5.3
217,2017-04-01T14:07:34.700,-16.2116,-74.3095,40.73,4.6
218,2017-04-01T12:56:59.850,-16.3147,-74.475,40.17,4.5
219,2017-03-31T09:54:38.340,-16.2013,-74.3621,23.94,4.8
220,2017-03-31T08:17:06.170,-9.2476,-75.4121,115.8,4.5
221,2017-03-31T01:45:51.810,-10.335,-74.9709,118.79,4.8
222,2017-03-30T18:50:45.570,-17.0011,-71.1252,79.06,4
223,2017-03-30T13:25:11.460,-10.7089,-73.6881,137.98,4.5
224,2017-03-28T00:35:12.770,-14.5387,-73.9902,86.55,4.5
225,2017-03-25T18:06:44.750,-4.4644,-76.933,10.97,4.8
226,2017-03-24T10:37:22.740,-3.9679,-80.8712,31,4.4
227,2017-03-24T04:34:14.700,-13.3681,-75.2141,92.06,4.4
228,2017-03-23T12:10:14.380,-15.1401,-72.1287,100.14,4.4
229,2017-03-21T04:29:10.900,-3.6792,-80.9208,23.59,4.9
230,2017-03-18T20:20:50.110,-11.5707,-77.2061,66.51,4.2
231,2017-03-16T18:50:38.020,-15.2468,-71.7775,125.48,4.2
232,2017-03-16T15:25:25.740,-17.127,-71.006,127.61,4.3
233,2017-03-13T15:46:00.590,-12.7032,-76.8723,43.23,4.1
234,2017-03-11T07:53:03.850,-16.2423,-73.7231,35,4.1
235,2017-03-08T03:28:35.610,-14.4911,-70.5931,205.32,4.6
236,2017-03-07T15:37:04.290,-11.8168,-75.1837,51.38,4.3
237,2017-03-06T02:01:45.300,-8.8538,-74.527,147.59,4.4
238,2017-03-06T00:26:36.400,-18.1154,-70.0438,101.86,4.1
239,2017-03-04T20:52:04.790,-6.8712,-81.3526,10,4.3
240,2017-03-01T09:10:47.170,-12.1862,-77.4041,35,4.1
241,2017-02-28T08:09:31.100,-14.1184,-74.9925,83.11,4.7
242,2017-02-28T04:56:28.440,-8.3742,-74.2604,165.87,4.6
243,2017-02-27T17:41:38.030,-15.5084,-70.2514,224.06,4.1
244,2017-02-26T12:33:57.390,-15.004,-71.9889,95.64,4.5
245,2017-02-24T10:45:20.700,-16.2569,-71.6311,94.34,4.3
246,2017-02-24T03:11:41.310,-15.8273,-71.6347,142.04,4.9
247,2017-02-23T08:46:21.550,-10.9862,-75.336,94.88,4.1
248,2017-02-23T08:40:16.320,-10.8949,-75.4793,23.56,4.2
249,2017-02-23T03:41:02.310,-5.4831,-76.7206,108.06,4.5
250,2017-02-20T07:45:10.440,-5.1484,-74.9088,10.22,5.1
251,2017-02-20T03:50:26.430,-10.6141,-75.4434,42.73,4.3
252,2017-02-18T04:55:43.660,-16.9843,-70.1571,151.8,4.3
253,2017-02-16T10:36:08.480,-7.1555,-80.6909,39.13,4.8
254,2017-02-10T11:57:02.940,-14.7087,-77.3728,11.69,4.6
255,2017-02-09T17:53:19.310,-9.4901,-79.3294,35,4.6
256,2017-02-09T00:50:30.130,-15.0855,-73.9774,70.71,4.8
257,2017-02-02T04:39:51.310,-11.6608,-77.2273,67.94,4.3
258,2017-02-01T11:38:30.090,-11.1912,-76.4658,97.32,4.6
259,2017-02-01T10:35:47.340,-15.6242,-70.3152,216.22,4.6
260,2017-01-30T11:46:47.120,-14.5215,-72.8956,70.76,4.7
261,2017-01-28T12:22:14.360,-11.4721,-73.2052,48.55,4.4
262,2017-01-28T11:39:41.950,-14.5491,-76.3968,29.31,4.6
263,2017-01-28T06:42:31.910,-9.3512,-79.0025,50.16,5.3
264,2017-01-27T21:27:56.550,-13.9216,-75.9866,14.66,4.4
265,2017-01-20T12:51:42.140,-17.3876,-69.8643,157.39,4.1
266,2017-01-19T21:13:18.050,-14.9623,-72.6655,122.06,4.2
267,2017-01-18T08:03:25.320,-15.5917,-70.2632,235.98,4.3
268,2017-01-17T23:44:20.280,-12.2484,-77.3058,38.46,4.2
269,2017-01-12T15:13:47.340,-15.5004,-72.4357,10,4.4
270,2017-01-10T21:15:50.170,-16.1105,-74.3792,30.89,4.2
271,2017-01-10T04:53:55.100,-15.7257,-72.1102,3.9,4.5
272,2017-01-07T16:04:54.350,-7.8437,-75.5479,39.7,4.9
273,2017-01-06T22:55:33.530,-11.3197,-78.193,37.91,5.1
274,2017-01-02T13:13:48.710,-4.895,-76.3675,106,5.9
275,2017-01-01T02:45:37.500,-12.9415,-76.5974,40.44,4.1
276,2016-12-31T04:27:28.650,-17.614,-71.3453,69.12,4.2
277,2016-12-29T18:22:26.380,-8.6997,-74.681,147.63,4.2
278,2016-12-29T15:38:43.050,-6.845,-75.9423,4.49,4.5
279,2016-12-28T10:18:36.160,-7.286,-74.3831,172.54,4.4
280,2016-12-22T16:43:54.670,-12.5972,-77.4643,23.11,4.7
281,2016-12-22T03:24:11.970,-17.9262,-69.735,125.03,4.5
282,2016-12-21T11:18:58.800,-13.5278,-75.1046,82.97,5
283,2016-12-18T13:30:10.680,-9.9738,-70.9698,612,6.4
284,2016-12-17T07:23:30.840,-10.8885,-78.7959,37.68,5
285,2016-12-16T05:55:00.920,-15.9762,-75.1379,40.73,4
286,2016-12-15T07:14:50.390,-15.2573,-71.1599,10,4.6
287,2016-12-15T00:03:33.380,-15.6118,-74.4008,59.97,4.4
288,2016-12-12T17:04:45.160,-15.6341,-74.4793,62.63,4.4
289,2016-12-12T05:04:32.030,-15.3608,-75.7917,36.38,4.2
290,2016-12-08T19:07:14.390,-10.927,-78.2454,56.2,4.5
291,2016-12-07T10:24:56.410,-5.246,-78.8116,16.6,4.6
292,2016-12-06T18:07:53.660,-14.2789,-75.9679,42.01,3.9
293,2016-12-05T18:57:02.000,-17.709,-69.754,152.3,4.5
294,2016-12-04T19:21:34.850,-15.2721,-70.8565,10,4.3
295,2016-12-03T23:21:43.720,-10.8609,-75.3675,10,4
296,2016-12-03T05:52:18.490,-15.3,-70.9666,10,4.3
297,2016-12-02T11:49:57.380,-15.3456,-70.9966,10,4.4
298,2016-12-02T07:11:40.740,-15.1396,-70.9945,27.32,4.2
299,2016-12-02T03:04:58.310,-15.1851,-70.8202,10,4.8
300,2016-12-01T23:53:37.270,-15.203,-71.089,5.52,3.9
301,2016-12-01T22:40:26.610,-15.3122,-70.827,12,6.2
302,2016-12-01T19:14:19.610,-15.2243,-70.9485,16.45,4.5
303,2016-11-28T03:39:58.730,-8.3315,-79.8727,48.89,4.4
304,2016-11-28T02:41:49.810,-14.4034,-75.5591,42.27,4.1
305,2016-11-27T16:53:14.380,-8.331,-79.9875,35,4.7
306,2016-11-25T02:53:42.790,-16.8071,-72.6625,79.57,4.2
307,2016-11-22T20:20:30.380,-17.1421,-69.8872,183.73,4.1
308,2016-11-22T18:50:56.620,-15.2487,-75.3329,41.49,4.3
309,2016-11-21T05:28:19.030,-10.7158,-74.7366,44.7,4.5
310,2016-11-20T00:49:00.420,-17.6203,-70.4986,106.82,4.2
311,2016-11-18T11:33:12.100,-14.471,-75.6888,48.06,4.2
312,2016-11-17T12:09:16.900,-9.8653,-79.5511,35.94,4.4
313,2016-11-17T07:26:10.100,-14.8624,-75.6564,62.3,4.3
314,2016-11-11T14:53:04.400,-8.6006,-74.5069,136.47,5.2
315,2016-11-10T17:43:14.010,-14.7926,-73.5847,60.16,4.9
316,2016-11-10T03:14:27.930,-17.2272,-71.4606,69.98,4.1
317,2016-11-09T20:01:22.830,-6.5038,-80.6675,10,4.6
318,2016-11-09T02:15:20.480,-11.4368,-76.0389,110.27,4.4
319,2016-11-08T23:11:58.730,-17.1569,-70.4323,127.52,4.5
320,2016-11-07T02:35:16.850,-15.8454,-73.0242,100.42,4.2
321,2016-11-03T05:10:03.620,-11.5075,-77.7097,63.54,4.1
322,2016-11-01T08:29:39.490,-16.0096,-74.1772,75.28,4.1
323,2016-10-29T06:09:10.020,-9.2915,-75.4785,10,4.2
324,2016-10-28T03:47:32.920,-11.8527,-77.1503,67.37,4.8
325,2016-10-27T00:31:36.630,-12.8125,-76.6679,59.95,4.5
326,2016-10-26T14:08:07.380,-9.315,-75.4178,31.95,5.1
327,2016-10-25T15:36:49.070,-4.8664,-81.2656,29.4,4.5
328,2016-10-25T09:47:24.690,-8.7124,-74.881,135.86,4.5
329,2016-10-24T15:21:02.820,-11.6743,-76.9116,71.34,4.4
330,2016-10-23T08:44:42.000,-10.1,-75.6,15,3.7
331,2016-10-22T12:08:52.170,-14.1845,-75.3972,63.85,4.6
332,2016-10-19T19:31:16.010,-13.5758,-76.2708,49.11,4.7
333,2016-10-19T18:14:41.590,-17.3063,-71.2792,85.97,3.9
334,2016-10-19T06:40:15.200,-12.409,-77.9147,34.42,4.6
335,2016-10-17T17:16:01.900,-14.1993,-75.4001,51.83,4.5
336,2016-10-16T13:04:26.680,-7.0092,-80.1252,40.74,5
337,2016-10-16T05:52:52.120,-8.8675,-74.7543,135.88,4.5
338,2016-10-15T13:44:07.190,-12.5039,-78.1282,23.9,4.3
339,2016-10-14T21:45:12.720,-10.8365,-78.7401,10,4.3
340,2016-10-14T20:26:06.320,-6.1575,-75.1897,41.15,4.3
341,2016-10-14T09:36:50.650,-3.9656,-80.3452,8.58,3.9
342,2016-10-05T16:06:14.170,-9.7981,-74.8533,102.78,5.3
343,2016-10-03T20:16:58.440,-7.7782,-74.6539,150.15,4.3
344,2016-10-03T19:45:08.000,-14.43,-76.32,18,4.4
345,2016-10-02T20:59:55.570,-8.5532,-80.446,10,4.6
346,2016-10-02T08:24:01.460,-13.8751,-72.6187,71.23,4.1
347,2016-10-01T19:47:44.880,-8.8159,-74.8383,44.16,4.9
348,2016-09-30T22:35:48.860,-3.9976,-76.9364,105.52,4.6
349,2016-09-29T17:39:02.030,-14.2818,-72.8017,58.75,4.1
350,2016-09-26T17:17:51.140,-11.6891,-77.3596,62.82,4.1
351,2016-09-25T12:10:40.970,-8.3844,-75.1063,121.22,4.6
352,2016-09-25T05:09:02.000,-5.56,-81.22,41,4.1
353,2016-09-23T19:00:51.170,-15.9474,-75.4829,10,4
354,2016-09-20T05:05:21.030,-17.5239,-70.4927,101.34,5
355,2016-09-19T18:46:29.770,-16.8533,-71.4933,101.15,4.1
356,2016-09-18T08:32:33.000,-10.45,-75.12,28,3.9
357,2016-09-18T06:48:22.000,-16.06,-73.72,37,4.1
358,2016-09-17T12:55:53.700,-11.2782,-76.4816,95.61,4.1
359,2016-09-15T06:42:22.760,-6.3467,-76.7331,19.74,4.5
360,2016-09-12T14:29:21.820,-13.1752,-74.8461,67.39,4.2
361,2016-09-10T10:08:20.020,-5.573,-76.9536,121,6.1
362,2016-09-09T15:34:40.120,-8.9726,-79.4102,48.6,4.4
363,2016-09-09T05:52:30.320,-15.6439,-71.6715,10.71,4.1
364,2016-09-08T09:38:46.240,-15.7413,-70.5587,214.02,4.5
365,2016-09-01T08:04:11.480,-16.4893,-72.2152,78.57,4.8
366,2016-08-29T19:53:20.690,-15.8161,-74.0383,57.29,4.5
367,2016-08-29T16:54:11.090,-5.2112,-80.5041,86.62,4.1
368,2016-08-29T10:36:48.860,-16.3778,-72.4638,86.34,4.6
369,2016-08-27T20:19:15.830,-8.2446,-76.21,121.7,4.5
370,2016-08-26T11:01:09.550,-10.7234,-73.6365,121.6,4.8
371,2016-08-26T07:53:29.470,-13.6599,-74.544,74.53,4.2
372,2016-08-21T18:37:59.830,-13.0042,-75.7531,92.5,4.2
373,2016-08-21T07:14:00.580,-16.1908,-74.0549,35,4.6
374,2016-08-19T09:49:10.810,-17.0241,-72.349,44.91,5.3
375,2016-08-17T12:36:22.000,-11.61,-76.95,113,4.2
376,2016-08-17T12:36:01.000,-16.52,-71.74,20,4.3
377,2016-08-15T11:16:32.020,-5.23,-79.1442,78.58,4.2
378,2016-08-15T02:59:00.840,-15.6542,-72.0092,20,5.5
379,2016-08-15T01:45:47.870,-7.0596,-80.5277,41.46,4.3
380,2016-08-12T21:05:31.010,-14.5754,-76.5586,34.86,4.4
381,2016-08-12T09:20:06.420,-13.934,-75.4136,76.31,4.2
382,2016-08-09T23:09:05.950,-8.0281,-73.9401,182.18,4.2
383,2016-08-09T10:45:17.080,-5.9414,-78.7662,10,4.3
384,2016-08-08T21:45:02.010,-14.5715,-76.2905,13.45,4.6
385,2016-08-08T20:22:55.000,-14.53,-76.34,11,4.9
386,2016-08-08T19:03:23.370,-14.5173,-76.2455,10,5.1
387,2016-08-07T06:06:37.020,-17.9366,-70.4489,35.62,4.2
388,2016-08-03T22:35:42.000,-13.2841,-74.6778,78.76,4.6
389,2016-08-01T15:43:37.220,-9.9164,-78.5807,58.26,4.3
390,2016-08-01T07:32:45.160,-8.9101,-76.5409,129.47,4.7
391,2016-08-01T07:24:38.000,-16.31,-72.62,109,4.5
392,2016-07-30T13:54:36.000,-16.7,-72.39,78,4.1
393,2016-07-29T19:00:32.080,-16.41,-71.5996,107.17,4.3
394,2016-07-29T18:21:23.780,-13.493,-76.123,61.8,4.2
395,2016-07-27T14:06:33.630,-7.237,-76.2101,60.16,4.3
396,2016-07-25T08:39:21.950,-17.1505,-70.2047,155.62,4.2
397,2016-07-21T22:08:51.060,-5.8788,-77.0801,128.91,4.2
398,2016-07-20T16:49:57.970,-8.4001,-78.6107,106.13,4.9
399,2016-07-19T15:44:43.000,-12.11,-77.42,44,3.9
400,2016-07-18T05:55:15.990,-15.0412,-71.8817,156.45,4.7
401,2016-07-18T01:35:52.630,-11.2038,-77.7367,75.42,5.2
402,2016-07-16T13:15:22.040,-6.2039,-76.0827,57.15,4.2
403,2016-07-15T01:27:03.330,-8.0384,-74.4648,157.98,4.4
404,2016-07-09T13:44:52.090,-10.7782,-76.2032,119.42,4.4
405,2016-07-06T10:18:53.830,-16.0126,-74.7591,59.68,4.5
406,2016-07-06T09:39:18.000,-10.01,-74.94,20,4.3
407,2016-07-04T19:03:25.490,-16.5019,-72.3604,90.65,4.2
408,2016-07-02T06:35:01.810,-4.7539,-80.6691,57.71,4.5
409,2016-07-01T05:33:23.170,-12.6345,-77.147,44.42,3.9
410,2016-06-24T12:20:02.120,-14.8277,-72.8796,66.06,4.4
411,2016-06-22T17:41:54.750,-14.8288,-70.5865,192.59,4.9
412,2016-06-21T10:25:51.490,-17.5595,-71.5278,35,4.3
413,2016-06-19T06:36:43.140,-16.7494,-69.6834,178.45,4.4
414,2016-06-19T06:33:13.670,-16.6987,-69.7286,171.81,4.6
415,2016-06-18T15:06:58.350,-14.7207,-70.7754,195.94,4.4
416,2016-06-16T18:32:25.800,-15.5217,-70.2191,209.27,4.3
417,2016-06-15T18:23:12.580,-8.5099,-74.1933,167.68,4.1
418,2016-06-14T12:53:52.130,-7.2059,-79.3628,35,4.1
419,2016-06-13T19:37:23.970,-10.3671,-74.5438,10.11,4.3
420,2016-06-08T20:18:27.600,-4.2677,-76.8786,103.45,4.9
421,2016-06-07T13:28:13.280,-14.2592,-73.0671,74.73,4.3
422,2016-06-06T05:39:16.530,-16.8671,-70.5513,10,4.1
423,2016-06-06T00:51:15.530,-11.0383,-74.0655,95.5,4.4
424,2016-06-05T04:52:53.750,-15.3631,-71.1953,142.96,4.2
425,2016-06-05T04:07:05.560,-15.9573,-74.1037,37.33,5.1
426,2016-06-03T04:12:26.260,-16.9533,-70.3992,48.4,4.4
427,2016-06-02T11:16:58.780,-16.8948,-70.4415,35.52,4.5
428,2016-06-02T00:01:28.080,-16.8282,-70.4229,13.3,4.9
429,2016-06-01T21:31:01.060,-13.5075,-75.0451,82.75,4.9
430,2016-05-31T13:05:34.300,-8.3855,-74.9243,79.01,4.1
431,2016-05-30T10:01:51.680,-16.2533,-73.0099,53.8,4
432,2016-05-27T13:27:31.480,-5.1635,-80.8878,35,4.1
433,2016-05-27T10:00:48.350,-8.4546,-74.9983,131.62,5
434,2016-05-24T06:43:09.970,-15.1629,-72.3373,118.82,4
435,2016-05-16T00:51:13.980,-13.7595,-73.0132,25.61,4.5
436,2016-05-15T00:19:03.120,-16.6157,-70.9124,131.9,4
437,2016-05-12T23:09:27.680,-15.7962,-75.0724,10,4.7
438,2016-05-11T21:01:44.720,-8.0686,-74.4916,160.9,4.5
439,2016-05-11T03:13:42.480,-16.6538,-72.2848,116.41,3.8
440,2016-05-09T09:04:35.270,-16.9079,-69.6469,172.04,4.4
441,2016-05-09T01:22:44.860,-7.2326,-74.8907,131.25,4.5
442,2016-05-07T19:14:32.000,-14.43,-76.29,18,4
443,2016-05-06T23:10:56.830,-8.9172,-74.5068,147.27,4.7
444,2016-05-06T14:52:22.310,-11.7823,-77.7562,67.67,4.8
445,2016-05-04T22:39:33.720,-15.8561,-71.6086,140.68,4.1
446,2016-05-03T09:17:18.000,-17.42,-69.91,12,4.1
447,2016-05-02T06:02:51.000,-18.02,-70.52,42,3.9
448,2016-04-30T21:06:36.570,-8.0282,-74.5146,154.08,4.3
449,2016-04-29T06:33:19.190,-15.4185,-73.1575,80.12,4.7
450,2016-04-28T07:00:42.000,-8.55,-79.58,43,4.3
451,2016-04-28T04:04:16.190,-13.2654,-76.8195,57.68,4
452,2016-04-26T11:44:43.910,-17.0938,-72.7514,35,4.3
453,2016-04-26T02:08:04.680,-10.0064,-78.7113,48.31,4.6
454,2016-04-24T19:33:16.220,-4.5907,-77.8733,70.36,4.1
455,2016-04-22T23:16:44.690,-8.776,-74.7598,116.48,4.2
456,2016-04-18T21:36:02.670,-17.5254,-69.8513,154.09,4.2
457,2016-04-14T22:50:46.530,-12.2865,-76.2767,86.46,4.4
458,2016-04-13T23:30:39.530,-15.8036,-75.4839,10,4.3
459,2016-04-13T22:19:11.000,-12.61,-77.01,49,3.8
460,2016-04-13T20:16:47.410,-5.4082,-81.7571,10,4.3
461,2016-04-13T02:48:43.160,-15.7491,-71.8661,114.03,4.1
462,2016-04-11T02:43:26.740,-15.3876,-73.816,66.56,4.2
463,2016-04-09T22:28:56.880,-5.2906,-80.0844,74.24,4.3
464,2016-04-09T07:15:13.030,-4.3111,-78.3351,38.92,4.9
465,2016-04-07T15:26:29.350,-14.7037,-76.5,10,4.6
466,2016-04-03T05:41:42.240,-16.7092,-69.6988,160.67,4.9
467,2016-04-01T15:28:51.970,-16.5329,-72.2915,52.88,4.3
468,2016-03-30T13:47:06.720,-16.9068,-70.7237,33.34,4.2
469,2016-03-29T02:45:34.350,-10.3656,-78.5398,35.1,3.6
470,2016-03-27T08:56:58.840,-14.3314,-75.8138,49.87,4.1
471,2016-03-27T00:00:24.320,-13.0727,-75.0223,89.85,4.1
472,2016-03-24T03:14:10.850,-7.6804,-74.6335,155.24,4.2
473,2016-03-22T14:15:24.740,-15.1322,-72.4433,92.9,4.1
474,2016-03-22T04:52:50.680,-3.4583,-79.7507,94.1,4
475,2016-03-21T13:01:59.440,-8.7443,-75.6744,132.25,4.4
476,2016-03-21T08:31:15.680,-5.3572,-77.7188,35,4.6
477,2016-03-20T06:03:48.000,-5.66,-78.84,20,4.2
478,2016-03-18T17:15:05.630,-8.7131,-74.7766,121.42,4.2
479,2016-03-17T01:04:02.330,-16.73,-69.6344,188.1,4.7
480,2016-03-14T04:30:56.030,-16.9372,-73.4417,35,4.2
481,2016-03-12T00:13:54.090,-7.8241,-74.618,157.62,4.1
482,2016-03-10T16:22:37.890,-17.6239,-71.546,53.6,3.9
483,2016-03-09T03:04:42.090,-16.5809,-71.1272,47.93,3.7
484,2016-03-07T15:16:42.570,-17.7383,-70.1595,108.83,4
485,2016-03-06T16:23:08.000,-18.08,-70.38,99,4.7
486,2016-03-06T15:38:23.330,-14.7098,-76.1029,7.44,4
487,2016-03-06T13:06:17.820,-14.8597,-75.94,13.56,4.6
488,2016-03-06T11:29:28.390,-17.3461,-69.9681,142.67,4.2
489,2016-03-06T06:34:19.630,-14.9147,-76.5507,10,4
490,2016-03-03T10:09:41.030,-16.0958,-73.9911,45.73,5
491,2016-03-03T06:31:52.000,-14.6513,-73.6845,67.97,4.5
492,2016-03-02T23:31:55.580,-11.8001,-77.695,35,4.2
493,2016-03-02T11:22:28.630,-11.6826,-75.6977,10,4.1
494,2016-03-01T09:27:23.000,-10.49,-78.88,22,4.3
495,2016-03-01T08:50:11.870,-7.9256,-74.4529,158.73,4.7
496,2016-03-01T02:30:13.720,-15.0078,-75.9867,30.52,4.3
497,2016-02-28T19:05:44.570,-13.6814,-69.876,54.05,4.5
498,2016-02-28T14:50:51.000,-15.78,-71.77,12,4.3
499,2016-02-26T13:20:51.960,-13.404,-76.2845,58.62,4.1
500,2016-02-26T13:09:57.150,-4.7177,-80.7213,49.93,4.5
501,2016-02-24T18:01:50.000,-15.71,-71.75,11,4.1
502,2016-02-22T20:29:35.000,-15.71,-71.8,6,4.8
503,2016-02-22T05:01:29.910,-8.638,-74.2368,160.4,4
504,2016-02-20T02:05:50.020,-15.72,-71.821,10,5
505,2016-02-20T00:40:09.940,-15.8849,-71.6839,30.95,4.4
506,2016-02-17T23:57:57.400,-9.5972,-75.6154,18.5,4
507,2016-02-16T22:23:50.700,-15.6653,-72.8943,80.14,4.5
508,2016-02-16T13:57:37.270,-16.5969,-73.8341,10,4.4
509,2016-02-16T10:46:30.010,-16.4442,-73.6045,29,5.7
510,2016-02-15T07:46:16.110,-12.1156,-77.5714,42.06,3.9
511,2016-02-13T03:46:45.760,-16.9229,-70.8059,104.56,5
512,2016-02-12T06:50:31.410,-16.4456,-72.4626,83.1,4.6
513,2016-02-11T22:25:35.180,-6.1375,-76.7397,54.8,4.4
514,2016-02-09T08:18:58.270,-15.5046,-73.2752,72.94,4.8
515,2016-02-06T06:20:22.210,-8.9287,-74.5031,144.54,4.6
516,2016-02-05T17:44:45.680,-7.8172,-74.5878,149.21,4.7
517,2016-02-03T04:45:08.690,-5.7117,-77.1926,66.54,4.2
518,2016-01-31T18:29:35.000,-7.51,-79.45,64,3.9
519,2016-01-31T07:41:50.670,-8.3606,-74.2575,156.69,5
520,2016-01-29T01:17:12.860,-3.788,-80.8819,48.18,4.5
521,2016-01-25T08:28:08.170,-6.0646,-76.7338,29.49,4.7
522,2016-01-24T17:12:00.070,-18.3278,-71.5411,20.88,4.4
523,2016-01-23T07:31:08.000,-16.74,-72.44,48,4.5
524,2016-01-22T19:11:57.310,-8.808,-74.5439,140.23,4.1
525,2016-01-22T09:19:51.000,-12.56,-77.29,31,4
526,2016-01-20T23:20:49.960,-15.3114,-72.9122,87.88,4.3
527,2016-01-20T12:01:10.000,-15.8834,-74.038,49.06,5
528,2016-01-19T22:12:42.740,-14.5931,-73.4486,63.19,4.7
529,2016-01-19T12:52:07.500,-8.1283,-75.1723,128.4,4.1
530,2016-01-19T02:04:29.980,-14.0718,-72.9469,101.03,4.8
531,2016-01-19T01:11:39.650,-8.2716,-74.3661,158.52,4
532,2016-01-18T01:28:42.230,-6.1913,-75.1392,43.5,4
533,2016-01-16T21:39:17.710,-7.7803,-79.9603,43.48,4.6
534,2016-01-16T10:28:10.250,-10.6072,-74.2218,134.92,4.3
535,2016-01-14T18:30:59.560,-15.8857,-72.5905,79.23,4.6
536,2016-01-14T17:43:02.000,-16.41,-73.59,8,4.3
537,2016-01-14T06:05:49.000,-16.1,-71.98,12,4.1
538,2016-01-13T08:22:08.000,-17.92,-70.88,49,4.1
539,2016-01-12T19:12:20.830,-16.5716,-72.6458,71.85,4.1
540,2016-01-12T14:09:52.700,-15.4399,-70.5882,196.57,4.5
541,2016-01-12T11:50:56.290,-9.1106,-74.9694,113.81,4.2
542,2016-01-11T09:58:36.850,-11.608,-73.0807,52.7,4.1
543,2016-01-08T21:05:03.170,-16.1963,-72.2473,26.31,4
544,2016-01-08T03:14:17.620,-13.3658,-69.86,38.74,4.9
545,2016-01-08T02:17:23.270,-13.2916,-70.6216,40.82,4.9
546,2016-01-07T14:55:43.200,-6.8004,-76.898,10,4.5
547,2016-01-05T02:25:20.830,-8.1801,-74.4214,164.02,4.3
548,2016-01-04T19:01:54.990,-9.7027,-78.0956,64.52,3.8
549,2016-01-03T18:45:53.650,-7.151,-76.5594,164.02,4.3
550,2016-01-03T11:08:34.460,-10.7827,-70.7808,633.39,4.3
551,2016-01-02T00:55:42.010,-10.4888,-75.3519,46.92,4.3
552,2015-12-30T16:18:51.410,-15.9169,-72.0644,137.54,4.3
553,2015-12-29T09:28:07.850,-7.3251,-74.4691,153.18,4.4
554,2015-12-28T15:46:36.000,-3.84,-80.61,29,4.6
555,2015-12-24T22:42:18.410,-13.5325,-72.4189,47.43,4.2
556,2015-12-23T04:14:42.610,-15.1511,-74.9037,51.7,4.4
557,2015-12-23T02:34:23.600,-5.7881,-74.6515,25.87,4.6
558,2015-12-22T20:34:16.070,-15.1454,-72.7966,94.46,4.9
559,2015-12-21T02:11:52.570,-9.5946,-79.5134,38.87,4.3
560,2015-12-20T00:08:31.640,-9.3942,-72.7552,14.64,4.3
561,2015-12-19T12:12:13.650,-16.367,-71.0612,52.78,4.1
562,2015-12-19T09:18:21.680,-15.8426,-72.6609,157.52,4.2
563,2015-12-19T04:25:25.450,-11.0846,-71.0143,601.42,4
564,2015-12-17T15:06:47.950,-15.159,-73.3928,84.23,4.2
565,2015-12-16T08:15:53.160,-15.0578,-73.6785,83.77,4.5
566,2015-12-15T23:50:04.110,-15.9665,-75.0848,33.15,4.5
567,2015-12-15T11:33:13.490,-15.4781,-70.9836,170.18,4.2
568,2015-12-15T10:20:24.090,-14.1741,-74.7338,71.5,4.2
569,2015-12-13T19:11:09.000,-9.9,-76.38,13,4.5
570,2015-12-10T21:03:54.390,-15.794,-71.1867,36.44,4.3
571,2015-12-08T20:47:09.040,-15.7975,-71.808,23.59,4.7
572,2015-12-08T19:54:17.950,-15.8335,-72.2281,22.11,4.7
573,2015-12-08T19:54:00.770,-15.7553,-72.1432,35,4.2
574,2015-12-07T19:24:03.690,-7.9107,-74.6386,150.97,4.3
575,2015-12-06T13:49:42.450,-9.831,-71.1892,638.37,4.2
576,2015-12-03T23:29:48.500,-10.2601,-71.4165,622.67,4
577,2015-12-02T21:42:50.440,-14.9553,-71.9827,115.63,4.1
578,2015-12-01T13:39:55.090,-16.379,-71.1123,117.31,5
579,2015-11-29T10:41:32.140,-10.1732,-71.1811,625.64,4.2
580,2015-11-28T10:28:57.000,-9.86,-78.83,30,4.1
581,2015-11-27T05:35:40.440,-16.6128,-69.6631,191.77,4.5
582,2015-11-27T00:52:54.610,-9.2924,-71.0944,616.98,5.1
583,2015-11-26T20:50:46.270,-10.5666,-71.183,601.8,4.2
584,2015-11-26T13:42:24.490,-9.7561,-71.2455,605.58,4.9
585,2015-11-26T06:01:22.990,-9.197,-71.2903,602.14,4.6
586,2015-11-26T05:56:05.120,-9.0648,-71.3216,602.6,4.9
587,2015-11-26T05:45:18.400,-9.1825,-71.2574,602.75,6.7
588,2015-11-25T23:49:34.380,-10.5191,-71.1385,591.92,4.2
589,2015-11-25T18:47:56.000,-10.4,-70.54,655,4.3
590,2015-11-25T16:19:24.860,-9.8471,-71.2808,630.47,4.3
591,2015-11-25T11:45:25.430,-9.2977,-71.4485,514.99,4.3
592,2015-11-25T10:26:37.160,-14.4059,-73.2844,62.31,4.3
593,2015-11-25T09:26:22.680,-8.5343,-71.3759,629.34,4.7
594,2015-11-25T04:30:29.380,-10.0811,-71.1445,589.77,4.3
595,2015-11-25T03:12:29.230,-15.6412,-71.9348,28.49,4.6
596,2015-11-25T00:28:16.830,-11.0331,-70.8484,597.09,4.7
597,2015-11-24T23:55:20.210,-10.2872,-70.8723,618.84,4.1
598,2015-11-24T23:44:14.010,-10.5573,-70.9903,595.15,4.6
599,2015-11-24T22:50:54.370,-10.0598,-71.0184,620.56,7.6
600,2015-11-24T22:45:38.880,-10.5372,-70.9437,606.21,7.6
601,2015-11-24T18:10:05.040,-10.6646,-71.1423,595.58,4.3
602,2015-11-22T14:38:15.640,-15.4027,-72.2418,109.52,4.9
603,2015-11-20T21:28:57.670,-6.5955,-80.5214,53.41,4.6
604,2015-11-20T06:35:21.460,-8.0628,-74.4923,148.05,4.4
605,2015-11-17T22:49:51.150,-15.6304,-72.6842,10,4.2
606,2015-11-17T14:04:33.960,-15.9733,-72.2268,86.77,4.3
607,2015-11-16T11:58:29.820,-13.2329,-76.4814,63.94,4.3
608,2015-11-14T19:33:04.460,-15.4432,-71.7253,131.87,4.3
609,2015-11-13T06:54:49.140,-8.5041,-75.9471,117.56,5
610,2015-11-12T19:49:21.240,-16.0641,-72.0127,92.31,4.5
611,2015-10-07T05:59:13.080,-17.7468,-69.7891,127.93,4.8
612,2015-09-30T04:08:33.220,-15.7756,-72.1232,10,4.4
613,2015-09-29T14:54:19.000,-18.354,-69.979,22.5,3.7
614,2015-09-29T11:09:08.920,-7.0418,-75.2923,72.49,4.1
615,2015-09-28T21:48:57.110,-15.9972,-74.4534,32.17,4.2
616,2015-09-28T04:31:22.000,-16.73,-73.11,15,4.3
617,2015-09-28T02:31:50.000,-16.81,-70.58,13,4
618,2015-09-27T16:18:02.200,-15.6703,-74.9388,41.9,4.2
619,2015-09-26T20:19:44.520,-16.9964,-70.6847,10,4.3
620,2015-09-26T07:01:04.870,-14.2481,-73.5373,67.66,4.3
621,2015-09-19T22:17:07.410,-8.2796,-74.2951,162.84,4.3
622,2015-09-16T00:46:45.350,-14.6058,-73.5826,68.57,4.1
623,2015-09-13T18:12:44.860,-6.08,-80.3486,35,4
624,2015-09-13T16:18:31.660,-16.2644,-72.638,73.81,4.7
625,2015-09-12T17:12:15.280,-10.8867,-74.53,93.21,4
626,2015-09-10T17:10:25.620,-15.5426,-72.5965,89.28,4.4
627,2015-09-10T16:43:59.320,-13.6155,-76.6647,23.14,4.8
628,2015-09-07T11:39:53.620,-13.4501,-78.0181,14.72,4.4
629,2015-09-05T20:18:57.510,-18.2572,-71.5764,17.95,4.5
630,2015-09-05T07:37:04.600,-15.5387,-70.5002,197.89,4.6
631,2015-09-04T03:51:21.680,-14.3092,-76.6866,23.07,4.3
632,2015-09-02T14:30:33.000,-5.65,-76.77,28,4.6
633,2015-09-01T14:52:09.000,-11.15,-76.32,106,4.4
634,2015-08-31T05:34:49.550,-15.9149,-75.6633,12.59,4.4
635,2015-08-29T06:53:07.510,-10.4931,-75.43,9.67,4.4
636,2015-08-29T06:43:46.540,-15.7212,-72.0546,49.54,4.4
637,2015-08-29T06:00:19.260,-8.3975,-78.9062,60.99,4.2
638,2015-08-28T18:39:12.650,-12.2189,-76.0626,91.59,4.7
639,2015-08-28T16:27:02.550,-16.8782,-69.6653,180.37,4.8
640,2015-08-28T04:11:51.900,-15.823,-71.8124,9.28,4.9
641,2015-08-05T20:20:26.230,-9.0966,-80.5017,33.43,4.7
642,2015-08-04T01:30:18.710,-5.6539,-80.8257,45.27,4.1
643,2015-07-31T17:17:53.980,-8.5052,-72.6738,4.7,4.4
644,2015-07-28T03:51:36.870,-9.9399,-75.6208,119.6,4.8
645,2015-07-28T02:42:21.340,-5.909,-75.0778,35.44,4.5
646,2015-07-27T10:33:36.050,-5.7583,-77.2881,40.58,4.4
647,2015-07-25T07:34:09.000,-8.37,-75.71,126,5.2
648,2015-07-23T15:39:48.210,-15.9123,-73.0956,83.43,4.4
649,2015-07-18T05:07:21.050,-15.9069,-72.817,90.47,4.2
650,2015-07-17T11:56:20.420,-14.9808,-71.8306,117.06,4.3
651,2015-07-16T23:11:46.520,-11.0499,-78.0777,64.14,4.3
652,2015-07-15T16:31:47.650,-14.7209,-76.015,10,4.9
653,2015-07-11T22:55:52.900,-3.8519,-80.6193,49.33,4.6
654,2015-07-09T18:31:11.100,-9.2267,-75.5245,82.57,4.3
655,2015-07-09T18:08:36.000,-9.11,-75.83,27,5
656,2015-07-07T04:27:53.660,-16.2401,-73.8606,35,4.1
657,2015-07-06T17:34:29.000,-16.07,-74.31,22,4.2
658,2015-07-06T11:17:48.060,-7.1796,-80.5155,36.72,4.9
659,2015-07-06T09:19:43.040,-17.2503,-69.7693,171.61,4.4
660,2015-07-06T08:23:27.500,-13.8479,-71.7295,36.66,4.9
661,2015-07-03T23:06:47.200,-16.5698,-73.1645,26.15,4.1
662,2015-06-30T23:07:51.860,-15.0364,-73.3756,74.3,4
663,2015-06-29T09:09:16.100,-16.0251,-74.2558,28,5.8
664,2015-06-28T10:16:57.560,-15.8559,-74.4845,35.25,4.2
665,2015-06-25T03:07:19.120,-6.642,-80.2703,57.99,4
666,2015-06-21T10:56:03.280,-15.7054,-73.8168,75.35,4.7
667,2015-06-21T04:14:11.470,-15.9381,-71.455,132.95,4.1
668,2015-06-16T21:52:36.440,-16.9226,-69.6692,180.88,4.3
669,2015-06-12T17:52:05.800,-15.7618,-71.9126,9.18,3.9
670,2015-06-11T15:23:42.630,-16.1881,-75.0452,36.48,4.3
671,2015-06-09T23:43:57.750,-13.2499,-76.4519,44.3,4.5
672,2015-06-07T08:15:29.700,-15.2328,-72.2716,118.6,4
673,2015-06-05T23:01:28.380,-11.6323,-76.0677,95.77,4
674,2015-06-05T09:27:23.760,-17.4194,-69.6501,150.44,4.7
675,2015-06-04T21:34:57.910,-12.4698,-77.5869,33.76,4.6
676,2015-06-04T16:43:04.040,-16.1176,-73.8975,45.73,4.3
677,2015-06-02T08:22:38.400,-3.9872,-76.0784,118.19,4.9
678,2015-06-01T11:57:19.110,-18.3288,-71.2585,31.67,4.7
679,2015-05-24T02:01:48.070,-3.4877,-81.6026,39.15,4.3
680,2015-05-19T04:44:41.160,-15.6211,-70.0908,246.69,4
681,2015-05-17T10:50:09.520,-13.2919,-74.7474,80.58,4.3
682,2015-05-16T01:19:50.210,-7.8252,-74.3982,144.75,5.1
683,2015-05-15T21:07:20.330,-15.7217,-75.5539,1,4.9
684,2015-05-14T18:33:32.440,-14.1791,-75.5649,50.77,4.8
685,2015-05-13T13:26:09.070,-11.1429,-74.2635,23.29,4.6
686,2015-05-12T04:10:03.150,-5.4382,-79.4654,87.82,4.5
687,2015-05-11T16:29:10.540,-8.1958,-76.2648,128.47,4.5
688,2015-05-11T08:21:44.350,-9.15,-71.2315,617.28,4
689,2015-05-10T21:13:53.440,-11.4079,-77.0907,129.33,4.4
690,2015-05-10T07:25:43.000,-12.58,-76.87,52,4.1
691,2015-05-07T14:46:24.720,-8.0117,-77.6871,48.06,4.7
692,2015-05-07T03:19:38.290,-15.182,-76.3845,37.93,4.1
693,2015-05-06T01:43:42.820,-11.0533,-72.2137,20.55,4.3
694,2015-05-04T00:40:58.060,-16.104,-72.604,72.47,4.1
695,2015-05-02T14:37:49.280,-17.518,-72.7057,40.94,4.6
696,2015-04-27T08:33:36.000,-16.27,-72.75,36,4.7
697,2015-04-26T23:35:29.730,-8.3237,-79.8322,22,5.6
698,2015-04-26T21:10:30.030,-14.3325,-73.6758,62.36,4.6
699,2015-04-23T17:10:48.700,-8.363,-75.642,15.58,4.7
700,2015-04-22T21:13:00.420,-16.5667,-69.653,192.38,4.4
701,2015-04-21T19:00:21.260,-14.7636,-71.3539,153,5.3
702,2015-04-18T03:33:58.170,-15.7575,-72.2501,127.24,4.4
703,2015-04-17T19:28:59.420,-8.4697,-75.0009,124.1,4.4
704,2015-04-17T15:36:44.580,-8.9049,-74.4439,148.41,4.3
705,2015-04-15T19:13:15.940,-15.0404,-72.3192,119.87,4.3
706,2015-04-15T06:59:17.430,-14.522,-76.1712,10,4.9
707,2015-04-10T05:59:36.000,-8.5103,-76.0235,41.04,4.4
708,2015-04-10T03:35:24.000,-16.42,-73.32,36,4.2
709,2015-04-08T22:39:39.290,-15.0893,-72.3677,87.18,4
710,2015-04-08T03:26:53.350,-16.1498,-73.6139,109.95,3.8
711,2015-04-05T05:57:23.000,-11.67,-78.05,39,4.6
712,2015-04-04T12:52:44.000,-15.8,-74.24,52,4.3
713,2015-04-02T04:39:54.000,-11.31,-76.96,114,4.2
714,2015-04-01T16:45:21.200,-10.5415,-78.0795,48,5.3
715,2015-03-29T04:17:23.450,-15.704,-70.5747,215.29,4.1
716,2015-03-28T22:19:34.690,-9.8395,-78.5178,53.23,5
717,2015-03-28T21:48:14.380,-9.1191,-71.2868,610.23,4.4
718,2015-03-22T18:55:45.480,-17.9732,-72.1415,30.25,4.4
719,2015-03-21T16:58:15.200,-9.3545,-78.7174,55,5.1
720,2015-03-21T09:18:15.840,-10.8245,-74.1794,113.74,4.4
721,2015-03-20T11:14:35.220,-15.7747,-71.3369,165.43,4.4
722,2015-03-20T08:49:23.000,-17.78,-71.61,28,4
723,2015-03-20T00:44:57.290,-15.7061,-75.3049,35,4.5
724,2015-03-18T19:56:12.000,-16.76,-72.89,45,4.6
725,2015-03-18T16:34:40.460,-17.507,-69.7988,158.14,4.4
726,2015-03-17T20:56:03.890,-15.1504,-72.0754,131.77,4.2
727,2015-03-16T00:59:41.300,-14.3362,-73.6487,70.12,4.1
728,2015-03-15T00:21:47.150,-14.559,-73.5308,68.64,4.6
729,2015-03-10T22:42:59.000,-15.63,-72.01,12,4.2
730,2015-03-09T02:23:03.850,-12.7641,-73.8148,66.05,4.5
731,2015-03-08T04:16:04.720,-16.819,-70.8661,11.62,4.2
732,2015-03-07T14:54:43.870,-8.6948,-74.8346,127.96,4.7
733,2015-03-07T05:50:18.800,-13.5591,-77.2938,57.38,4.1
734,2015-03-06T18:09:51.420,-8.483,-75.6605,36.47,4.8
735,2015-03-06T16:38:14.310,-14.8012,-72.4396,122.47,4.1
736,2015-03-03T13:41:17.710,-16.8107,-69.8753,170.52,4.5
737,2015-03-03T01:37:24.000,-17.708,-69.812,156.8,4.5
738,2015-03-02T09:55:48.000,-15.68,-72.01,11,3.9
739,2015-03-02T02:49:17.940,-16.1217,-73.9826,66.26,3.8
740,2015-03-01T15:08:28.410,-17.1815,-71.8382,55.51,5
741,2015-02-28T20:10:24.000,-15.7,-71.99,12,4.8
742,2015-02-28T04:53:11.170,-4.9311,-78.1821,67.42,4.6
743,2015-02-28T04:43:01.330,-12.1154,-76.7591,51.7,3.9
744,2015-02-24T03:33:35.630,-16.704,-72.9355,101.87,4
745,2015-02-20T20:53:38.840,-15.2194,-75.846,36.36,4.3
746,2015-02-19T11:45:38.780,-16.5151,-71.5785,120.87,4.2
747,2015-02-12T06:24:10.670,-15.1696,-70.7462,178.53,4.4
748,2015-02-12T01:59:36.000,-9.22,-79.34,22,4.6
749,2015-02-07T22:12:15.860,-10.0312,-74.4382,115.61,4
750,2015-02-07T14:57:04.000,-12.86,-74.01,90,3.9
751,2015-02-06T07:06:33.580,-16.2425,-75.1491,40.59,4.2
752,2015-02-03T08:41:19.200,-14.1774,-76.1194,24.16,4.2
753,2015-02-01T23:33:00.050,-3.9127,-76.6179,115.65,5.1
754,2015-02-01T16:20:36.680,-14.3399,-76.7374,11.49,4.6
755,2015-02-01T05:12:17.880,-14.3854,-76.9413,10,4.4
756,2015-01-26T05:35:14.650,-15.5357,-70.2554,200.23,4.5
757,2015-01-25T21:16:07.000,-12.28,-77.45,29,3.9
758,2015-01-25T15:17:38.860,-10.2034,-74.3062,32.23,4.6
759,2015-01-25T03:10:07.000,-14.06,-74.56,95,4.5
760,2015-01-25T01:40:09.570,-10.3062,-75.3652,34.34,4.7
761,2015-01-24T22:27:05.000,-14.52,-75.78,42,4.3
762,2015-01-23T22:24:57.790,-15.3177,-73.7394,83.07,4.4
763,2015-01-23T06:52:43.890,-10.254,-78.0637,59.92,3.6
764,2015-01-17T20:18:28.000,-12.17,-76.09,121,4.3
765,2015-01-16T11:39:23.460,-3.3787,-79.9723,79.03,5.1
766,2015-01-15T15:43:04.760,-8.5992,-80.9263,34.02,4.5
767,2015-01-14T09:26:49.000,-3.65,-80.23,84,3.7
768,2015-01-11T21:39:37.000,-16.03,-74.14,41,4.9
769,2015-01-04T22:09:32.990,-6.4377,-76.0819,69.89,4.4
770,2015-01-03T01:21:59.090,-15.3028,-75.1545,39.94,4
771,2015-01-01T14:50:16.810,-7.7986,-73.8619,155.32,4.6
772,2014-12-31T00:39:03.630,-10.0271,-74.4135,54.53,4.7
773,2014-12-30T17:11:42.010,-9.3419,-75.086,121.21,4
774,2014-12-21T16:37:46.260,-17.1746,-72.639,47.84,4.2
775,2014-12-21T15:45:12.310,-16.7173,-73.6595,56.03,4
776,2014-12-19T19:41:45.920,-15.0392,-76.2024,30.55,4.4
777,2014-12-17T14:24:26.880,-10.0758,-77.0038,108.35,4.2
778,2014-12-16T16:37:02.780,-10.1101,-79.0129,34.82,4.6
779,2014-12-16T02:51:01.250,-17.0043,-71.0498,108.55,4.5
780,2014-12-15T05:53:59.040,-8.3401,-75.0717,112.64,4.5
781,2014-12-08T08:49:26.070,-15.7698,-72.5349,95.81,4.1
782,2014-12-06T04:49:59.800,-17.3037,-69.844,139.37,4.4
783,2014-12-05T11:24:28.860,-16.558,-72.4764,105.11,4.5
784,2014-12-05T04:58:20.280,-9.4964,-74.8926,111.96,4.1
785,2014-12-03T02:37:21.160,-15.8959,-74.5538,67.56,4.1
786,2014-12-02T12:07:34.470,-7.2493,-75.2953,35,4.4
787,2014-11-30T22:53:05.510,-4.0295,-80.6975,30.5,4.2
788,2014-11-30T15:28:06.880,-14.6457,-76.3875,10,4.1
789,2014-11-30T11:14:14.970,-15.1904,-74.9436,61.13,4.3
790,2014-11-29T15:48:28.230,-8.5249,-80.019,34.31,4.6
791,2014-11-28T05:41:19.240,-13.0816,-76.1633,62.05,4.1
792,2014-11-28T04:06:16.400,-3.8779,-77.2101,114.16,4.5
793,2014-11-26T02:21:07.310,-16.5501,-73.6917,35,4.3
794,2014-11-26T01:26:24.340,-6.2483,-71.9397,587.07,4.6
795,2014-11-25T07:16:46.970,-12.6512,-76.4012,72.79,4.2
796,2014-11-25T04:06:01.110,-17.3651,-72.3826,51.65,3.8
797,2014-11-23T20:21:23.000,-12.55,-76.79,55,4.1
798,2014-11-23T16:25:48.000,-14.5,-75.91,41,4.2
799,2014-11-22T08:43:53.500,-8.7648,-74.6034,137.79,5.1
800,2014-11-22T07:09:32.220,-7.7095,-76.2318,46.64,4.3
801,2014-11-21T22:08:26.240,-15.1004,-76.2977,10,4.1
802,2014-11-19T14:17:52.140,-15.8066,-73.7502,72.78,4.8
803,2014-11-16T13:39:24.240,-15.1742,-71.9958,161.2,4.2
804,2014-11-15T05:20:37.780,-17.2351,-69.917,152.68,5
805,2014-11-15T00:18:39.880,-12.6895,-76.7346,44.92,5.4
806,2014-11-13T09:14:24.720,-8.0285,-74.3755,151.66,4.5
807,2014-11-09T22:01:45.480,-3.9134,-80.255,60.82,4.3
808,2014-11-09T13:26:45.400,-5.4918,-78.4447,39.26,4.8
809,2014-11-05T13:23:50.390,-15.3363,-72.2874,100.15,4.2
810,2014-11-04T21:26:17.000,-12.31,-75.14,17,4.6
811,2014-11-01T01:42:38.520,-16.9068,-70.6431,21.26,4
812,2014-10-31T18:42:18.280,-7.6047,-76.3621,17.59,5.4
813,2014-10-31T04:12:45.000,-8.6,-76.21,30,4.6
814,2014-10-30T22:37:15.990,-16.1509,-73.6349,63.96,5.1
815,2014-10-29T05:14:25.140,-16.9238,-70.5886,22.55,4.6
816,2014-10-28T19:37:31.470,-14.957,-71.773,128.97,4.3
817,2014-10-27T17:21:03.870,-14.5259,-73.6111,81.27,4.4
818,2014-10-26T10:45:31.840,-10.5571,-74.0836,125,5.7
819,2014-10-25T18:41:25.520,-13.4206,-76.4763,42.29,4.7
820,2014-10-25T07:24:01.310,-7.942,-74.3891,143.7,4.2
821,2014-10-22T11:23:24.880,-15.2037,-72.7567,99.1,4.6
822,2014-10-22T00:09:15.000,-14.76,-76.75,26,4.4
823,2014-10-20T07:34:22.330,-15.0789,-75.7036,32.92,4.6
824,2014-10-19T10:53:18.830,-8.2416,-75.9556,40.1,4.2
825,2014-10-19T07:32:22.990,-15.0403,-76.9323,10,4.3
826,2014-10-18T23:05:08.780,-8.4705,-80.0697,43.23,4.2
827,2014-10-18T17:24:01.070,-14.3957,-76.1446,6.75,4.8
828,2014-10-17T09:49:28.980,-18.2864,-70.6302,59.22,4.6
829,2014-10-15T05:06:19.620,-13.4951,-76.6077,43.58,4.2
830,2014-10-13T15:14:27.000,-15.25,-73.53,95,5.4
831,2014-10-13T02:31:44.460,-15.6344,-71.4674,149.38,4.7
832,2014-10-12T10:27:38.440,-15.5437,-74.8255,55,4
833,2014-10-11T10:40:07.430,-14.4953,-76.7441,34.77,4.1
834,2014-10-05T13:54:45.000,-4.4042,-76.3667,35.57,4.6
835,2014-10-04T02:27:26.680,-14.8121,-75.6415,47.61,4.1
836,2014-10-01T23:47:59.020,-13.5344,-76.1577,51.3,4.2
837,2014-09-28T02:35:22.190,-13.8429,-71.6953,10,4.9
838,2014-09-27T08:54:47.950,-15.5082,-73.4508,78.13,4.2
839,2014-09-20T02:44:36.000,-15.65,-74.03,66,4.2
840,2014-09-18T04:19:57.250,-6.0881,-76.0482,103.61,4
841,2014-09-17T19:41:57.000,-10.46,-78.5,35,4.4
842,2014-09-15T12:01:03.770,-16.0449,-74.3246,58.26,4
843,2014-09-15T03:48:02.620,-14.7538,-73.4836,82.41,4.2
844,2014-09-13T09:28:34.790,-17.0689,-71.7743,61.42,4.6
845,2014-09-11T05:37:02.320,-16.627,-70.8129,99.97,3.9
846,2014-09-10T11:33:14.000,-8.95,-79.16,53,4.2
847,2014-09-09T07:12:39.340,-4.1467,-80.2684,94.25,4.8
848,2014-09-08T19:28:17.740,-10.4047,-75.2178,23.96,4.4
849,2014-09-07T15:11:45.680,-14.6992,-75.1862,63.91,4.6
850,2014-09-07T09:43:34.550,-17.4102,-72.3134,41.91,4.2
851,2014-09-01T22:55:21.810,-15.0078,-74.9045,59.67,5.2
852,2014-09-01T21:05:34.780,-17.4135,-69.6896,149.06,4.4
853,2014-08-27T02:41:52.930,-14.725,-73.6548,78.92,4.4
854,2014-08-25T14:31:37.280,-16.126,-73.1133,62,5.5
855,2014-08-24T23:21:45.520,-14.598,-73.5714,101,6.8
856,2014-08-23T18:15:47.350,-5.9248,-76.5105,59.99,4.6
857,2014-08-21T17:33:17.150,-16.8305,-71.4225,105.92,4.1
858,2014-08-13T18:17:15.000,-13.65,-76.44,25,4.5
859,2014-08-11T03:55:31.990,-8.014,-74.3298,139.3,4
860,2014-08-07T11:33:19.000,-6.22,-75.88,84,4.5
861,2014-08-04T03:20:09.480,-6.9179,-81.6067,23.29,5.3
862,2014-08-03T22:30:03.000,-4.1,-81.03,36,4.1
863,2014-08-03T22:09:35.000,-4.05,-81.19,44,4.5
864,2014-08-03T22:04:06.000,-4.01,-81.11,37,4.5
865,2014-08-03T21:02:39.950,-3.9248,-80.9204,16.03,5.4
866,2014-08-02T08:15:49.030,-16.5259,-69.7632,196.77,4.2
867,2014-08-01T00:10:53.170,-15.5925,-70.3657,235.98,4.3
868,2014-07-31T23:32:21.010,-6.6491,-76.1063,73.57,4.6
869,2014-07-31T18:09:17.000,-16.68,-71.43,114,5
870,2014-07-29T00:41:34.000,-11.55,-78.03,51,4
871,2014-07-28T18:38:15.760,-16.2207,-72.0655,142.67,4
872,2014-07-28T15:26:36.000,-4.97,-79.53,92,4.4
873,2014-07-28T09:21:17.970,-13.2988,-74.9197,98.09,4.3
874,2014-07-25T10:43:52.040,-14.9529,-71.8694,119.94,4.6
875,2014-07-24T05:21:56.770,-18.3401,-71.381,29.59,4.2
876,2014-07-23T09:57:47.200,-5.7212,-81.0007,39.66,4.6
877,2014-07-22T00:53:02.260,-6.1185,-72.0276,565.23,4.2
878,2014-07-21T02:58:49.000,-16.78,-71.81,28,3.9
879,2014-07-16T23:19:41.770,-4.0148,-77.6646,115.28,4.2
880,2014-07-16T04:21:59.300,-7.4005,-75.6795,89.25,4.2
881,2014-07-14T17:23:12.430,-12.8428,-75.1896,83.12,4.3
882,2014-07-14T17:13:12.990,-15.5967,-72.0182,10,3.6
883,2014-07-14T11:24:36.290,-17.858,-73.429,10,5.2
884,2014-07-12T14:25:41.250,-15.1916,-75.6033,15.55,4.9
885,2014-07-09T17:19:35.330,-16.6851,-71.9043,16.03,5
886,2014-07-08T17:46:42.330,-16.2651,-73.5435,56.41,4.1
887,2014-07-08T10:44:54.990,-10.2692,-76.485,93.45,4.4
888,2014-07-07T01:37:10.600,-15.5638,-71.3401,149.87,4.6
889,2014-07-06T03:08:46.720,-14.5375,-71.1073,67.36,5.1
890,2014-07-04T20:00:14.470,-9.0614,-75.6416,51.47,4.5
891,2014-07-04T10:38:30.100,-17.8197,-69.8412,146.15,4
892,2014-07-04T06:16:22.600,-17.7697,-70.0318,116.89,4.5
893,2014-07-03T13:56:43.430,-16.793,-71.1998,84.95,4.7
894,2014-06-27T07:34:56.870,-8.3828,-74.2327,159.39,4.4
895,2014-06-27T03:26:22.000,-15.82,-74.36,58,4.5
896,2014-06-25T01:18:39.000,-9.51,-75.45,126,4.8
897,2014-06-24T15:32:01.530,-16.5047,-69.8361,192.45,4.4
898,2014-06-22T18:05:51.000,-13.93,-75.98,85,5
899,2014-06-17T20:15:01.810,-15.9594,-74.5652,65.73,4.7
900,2014-06-14T13:34:58.000,-13.95,-76.43,47,4.1
901,2014-06-14T00:13:31.290,-15.2147,-72.7657,104.35,4.6
902,2014-06-13T01:14:38.820,-4.9425,-80.5138,53.05,4
903,2014-06-10T17:11:09.310,-16.0258,-75.1422,32.8,4.7
904,2014-06-10T04:03:24.620,-16.5799,-72.9518,63.54,5.3
905,2014-06-07T03:21:44.110,-15.3252,-72.2274,123.97,4.5
906,2014-06-06T23:49:27.830,-7.2573,-75.7359,22.1,4.8
907,2014-06-03T21:34:11.920,-12.5144,-76.9261,36.34,5.2
908,2014-05-25T15:52:53.220,-5.5285,-80.7445,76.3,4.4
909,2014-05-24T07:50:15.460,-15.227,-71.8879,115.84,4.1
910,2014-05-24T06:47:32.060,-15.3023,-73.8057,80.8,5.1
911,2014-05-24T03:16:18.480,-8.176,-74.4008,153.22,4.1
912,2014-05-21T22:30:01.000,-8.92,-74.52,143,4.6
913,2014-05-19T14:01:04.670,-15.8702,-74.5555,35.41,4.7
914,2014-05-16T08:01:22.110,-9.9984,-74.0595,132.33,4.6
915,2014-05-16T01:05:10.000,-17.46,-71.48,54,4.2
916,2014-05-15T22:43:17.850,-7.6028,-79.3678,64.16,5.1
917,2014-05-15T01:48:52.810,-5.5911,-80.9825,49.97,4.6
918,2014-05-14T21:12:48.000,-8.37,-76.25,28,4.7
919,2014-05-13T06:21:58.850,-16.456,-69.9981,191.99,4.2
920,2014-05-12T04:15:27.000,-4.21,-80.46,34,4.5
921,2014-05-10T10:32:38.810,-18.3062,-71.301,25.58,4.3
922,2014-04-28T13:51:11.720,-15.081,-71.0237,39.45,4.5
923,2014-04-27T01:09:50.050,-15.6139,-72.7349,94.64,4.4
924,2014-04-24T10:01:01.080,-17.8874,-70.0044,140.08,4.3
925,2014-04-23T07:18:58.980,-15.4931,-73.119,82.55,4
926,2014-04-16T19:21:44.900,-16.6004,-73.7654,98.19,4.3
927,2014-04-14T23:40:33.000,-12.47,-75.23,85,4.9
928,2014-04-10T15:56:49.130,-17.1084,-71.0632,109.06,4.1
929,2014-04-07T18:37:51.000,-16.16,-73.41,45,4.2
930,2014-04-07T15:27:32.600,-8.2424,-71.5809,560.89,5.1
931,2014-04-07T00:45:51.020,-16.8497,-70.6626,158.3,4
932,2014-04-05T15:50:44.800,-16.9419,-71.1611,121.02,4
933,2014-04-04T21:00:06.810,-16.4639,-74.076,35.43,4.2
934,2014-04-04T20:32:46.920,-16.5253,-74.0976,35.23,4.6
935,2014-03-30T21:48:54.360,-15.2756,-74.5192,66.22,3.8
936,2014-03-30T01:11:23.090,-14.0589,-75.8618,10.2,4.6
937,2014-03-28T05:28:36.500,-15.9222,-72.3115,92.93,4.1
938,2014-03-27T17:59:12.070,-8.6631,-74.3297,141.95,4.9
939,2014-03-26T09:16:07.520,-5.8758,-75.6601,80.33,4.3
940,2014-03-25T14:38:24.860,-17.5268,-70.4584,85.07,5.1
941,2014-03-25T07:21:29.000,-5.57,-81,36,4.1
942,2014-03-25T06:52:25.280,-17.3758,-71.13,65.04,4.3
943,2014-03-22T00:38:45.000,-5.43,-80.83,37,4.9
944,2014-03-20T07:07:53.690,-15.7781,-75.2878,32.05,4.6
945,2014-03-18T03:54:35.480,-17.1505,-74.364,32.41,4.5
946,2014-03-17T04:14:50.920,-17.9559,-70.4942,84.36,4.6
947,2014-03-16T15:25:14.000,-5.69,-81,28,4.5
948,2014-03-15T23:51:32.970,-5.5745,-80.9709,29,6.3
949,2014-03-15T09:09:04.930,-15.3811,-72.2329,105.69,4.7
950,2014-03-15T08:59:21.860,-14.0848,-76.3113,20,6.1
951,2014-03-15T06:05:48.380,-13.8996,-75.7989,41.1,4.8
952,2014-03-14T06:56:03.920,-14.2016,-73.9728,75.87,4.7
953,2014-03-13T21:18:45.410,-14.3659,-75.8071,52.02,4.2
954,2014-03-12T09:47:03.960,-7.1072,-74.3585,143.79,4.4
955,2014-03-11T08:08:44.590,-15.867,-74.1443,51.14,4.7
956,2014-03-11T00:58:05.000,-15.47,-73.59,74,4.2
957,2014-03-09T18:26:19.000,-15.97,-73.09,37,4.2
958,2014-03-07T03:00:00.460,-11.9762,-73.0843,41.11,4.2
959,2014-03-06T02:31:21.000,-4.5,-79.74,65,3.6
960,2014-03-05T04:25:43.020,-3.9612,-76.3743,99.73,4.5
961,2014-03-02T19:22:23.610,-14.6207,-76.273,91.89,4.5
962,2014-03-01T10:52:33.000,-13.5046,-76.2338,57.96,4.7
963,2014-02-25T03:05:28.000,-11.19,-77.11,72,4.3
964,2014-02-22T15:35:49.530,-3.8254,-77.5038,48.59,4.3
965,2014-02-20T03:45:19.000,-14.1,-75.58,40,3.9
966,2014-02-18T23:35:58.270,-14.1648,-75.5997,57.04,5.9
967,2014-02-16T16:55:59.810,-4.617,-78.3859,23.25,4.5
968,2014-02-11T23:51:21.730,-10.6274,-74.9828,64.89,4.2
969,2014-02-09T17:53:00.450,-15.0592,-71.9232,108.22,5
970,2014-02-09T12:12:20.870,-17.4172,-69.8972,140.51,4.3
971,2014-02-02T08:57:09.320,-15.9087,-74.0208,43.97,5.1
972,2014-01-31T13:48:23.000,-18.069,-69.663,149.1,4.3
973,2014-01-30T06:12:52.290,-9.7532,-75.0737,121.55,4.5
974,2014-01-26T05:10:27.220,-3.8506,-80.8578,11,5.3
975,2014-01-23T16:13:14.000,-17.866,-69.846,162,4.4
976,2014-01-23T15:41:20.970,-14.3317,-73.4627,72.66,4.6
977,2014-01-23T05:43:38.330,-9.6173,-74.5915,130.66,4.3
978,2014-01-22T18:36:48.260,-17.1669,-72.4626,94.86,4.1
979,2014-01-20T04:59:53.000,-15.19,-71.97,39,4
980,2014-01-19T03:20:06.850,-4.2249,-77.563,10.04,4.3
981,2014-01-18T05:54:20.360,-15.4804,-71.8199,114.1,4.6
982,2014-01-17T06:11:19.630,-8.7678,-74.3525,147.8,4.5
983,2014-01-16T23:32:04.910,-16.3584,-70.3696,167.87,4.1
984,2014-01-13T20:45:29.000,-5.4,-80.72,38,3.9
985,2014-01-13T09:17:46.840,-5.2914,-78.455,49.5,4.5
986,2014-01-08T15:39:17.510,-5.0123,-80.0008,72.1,4.6
987,2014-01-06T20:05:44.800,-4.7987,-80.5954,45.24,4.7
988,2014-01-03T10:09:42.270,-10.2294,-75.3309,35.71,4.5
989,2014-01-02T22:27:48.570,-11.1362,-78.0721,51.97,4.6
990,2013-12-31T08:31:03.230,-11.4884,-72.9971,22.2,4.3
991,2013-12-30T23:48:16.800,-10.2112,-75.4051,27.6,4.6
992,2013-12-27T21:14:25.640,-4.1639,-77.0478,64.72,4.5
993,2013-12-24T20:52:21.060,-8.8035,-74.6117,127.18,4.4
994,2013-12-23T14:53:49.370,-8.9761,-79.5616,54.05,4.6
995,2013-12-23T06:03:09.420,-15.338,-72.7609,105.23,4.7
996,2013-12-22T14:56:39.990,-15.6285,-75.4415,47.76,4.5
997,2013-12-20T12:14:43.000,-9.6,-78.98,44,4.3
998,2013-12-20T09:11:49.260,-17.6272,-73.674,32.43,4.2
999,2013-12-19T20:56:21.000,-13.22,-75.05,84,4.3
1000,2013-12-19T18:58:47.340,-9.4681,-79.3369,38.39,4.8
1001,2013-12-19T17:35:24.000,-15.63,-71.96,129,4.4
1002,2013-12-17T20:11:37.830,-9.7748,-79.2478,55.81,4.5
1003,2013-12-15T12:55:16.680,-7.2759,-76.7646,61.8,5.2
1004,2013-12-06T22:30:50.400,-16.5327,-69.7449,190.49,4.6
1005,2013-12-05T04:11:53.310,-15.1861,-72.4619,95.82,4.5
1006,2013-12-04T08:38:09.220,-9.8533,-75.5701,52.32,4.4
1007,2013-12-03T21:13:27.480,-14.0396,-74.3789,89.93,4.3
1008,2013-11-29T19:19:20.130,-15.5539,-70.1399,200.88,4.4
1009,2013-11-27T12:59:58.000,-8.12,-79.86,44,4.3
1010,2013-11-25T20:06:55.620,-12.5993,-76.2025,76.57,5.5
1011,2013-11-25T14:45:10.120,-8.1917,-75.8113,107.07,4.7
1012,2013-11-24T12:51:32.000,-16.48,-71.9,41,4
1013,2013-11-21T08:40:51.730,-8.2488,-74.2354,149.23,4.2
1014,2013-11-21T06:48:17.460,-16.7992,-72.0352,108.34,4.4
1015,2013-11-21T04:54:02.320,-8.8338,-74.7279,123.48,4.9
1016,2013-11-21T04:36:26.570,-12.1906,-75.368,128.86,4
1017,2013-11-19T14:30:52.000,-5.99,-80.26,51,3.9
1018,2013-11-17T20:16:35.280,-14.4082,-75.4469,59.25,4.5
1019,2013-11-17T12:27:48.920,-16.0188,-75.2839,34.4,4.7
1020,2013-11-16T01:28:25.720,-16.1095,-75.2854,14.72,4.9
1021,2013-11-15T12:52:18.290,-15.5258,-69.8928,243.96,4.1
1022,2013-11-15T00:13:57.180,-14.7965,-71.6811,123.35,4.9
1023,2013-11-14T15:02:57.850,-5.7019,-78.305,56.42,4.7
1024,2013-11-12T03:51:10.570,-8.3832,-75.9462,49.14,4.6
1025,2013-11-11T05:15:50.930,-14.9361,-75.5897,42.65,4.7
1026,2013-11-11T03:23:26.230,-15.0681,-75.7084,40.73,4.1
1027,2013-11-11T02:57:08.800,-15.068,-75.7378,40.72,4.5
1028,2013-11-09T02:22:31.340,-13.1256,-70.3505,52.07,4
1029,2013-11-03T21:27:16.040,-17.0378,-71.0167,82.11,4
1030,2013-11-02T13:33:40.230,-8.6995,-75.5638,75.94,4
1031,2013-11-02T06:32:40.950,-17.2125,-69.7668,156.4,4.5
1032,2013-11-01T01:25:28.650,-15.5055,-72.1078,124.47,4.1
1033,2013-10-31T10:05:55.640,-15.1311,-71.9753,123.41,4
1034,2013-10-31T01:19:10.480,-15.6917,-70.2701,255.92,4.1
1035,2013-10-29T12:51:05.310,-15.4358,-71.7232,130.53,5
1036,2013-10-29T09:50:45.110,-9.2992,-71.1485,635.83,4.5
1037,2013-10-28T17:26:32.350,-14.7736,-72.628,88.21,4
1038,2013-10-28T05:36:07.270,-16.9275,-69.6382,192.14,4.7
1039,2013-10-27T21:55:46.630,-8.5202,-74.2912,141.94,4.2
1040,2013-10-27T05:28:23.780,-15.8829,-72.155,20.45,4.1
1041,2013-10-25T07:02:28.560,-15.0109,-72.0592,95.55,4.5
1042,2013-10-24T18:53:30.150,-15.1519,-72.1323,141.99,4
1043,2013-10-23T04:03:07.440,-16.5027,-71.9839,120.57,4.4
1044,2013-10-21T16:26:58.620,-10.8288,-73.703,115.73,4.7
1045,2013-10-21T04:13:43.000,-16.32,-72.06,17,4
1046,2013-10-21T00:14:11.630,-13.2611,-75.7222,81.08,4.4
1047,2013-10-19T16:28:55.130,-14.9656,-75.9806,41.35,3.9
1048,2013-10-19T00:04:28.090,-8.9175,-75.6895,16.03,4.1
1049,2013-10-18T22:47:50.920,-8.9083,-74.4489,140.96,4.6
1050,2013-10-18T07:32:31.000,-12.49,-77.03,43,4.3
1051,2013-10-16T18:58:39.660,-14.9396,-75.8817,48.32,4.3
1052,2013-10-13T10:50:00.100,-9.6756,-72.2778,16.19,4.7
1053,2013-10-10T21:08:19.470,-13.9855,-75.7677,34.12,4.3
1054,2013-10-08T11:27:31.640,-14.4843,-75.8113,43.27,4.5
1055,2013-10-07T11:49:33.710,-14.4925,-73.3334,63.35,4.4
1056,2013-10-07T11:04:58.000,-17.1,-72.23,48,4.1
1057,2013-10-06T12:48:08.160,-16.18,-69.9767,181.75,4.5
1058,2013-10-02T04:03:36.610,-13.087,-70.2023,54.01,4.4
1059,2013-09-30T15:08:26.510,-15.0078,-72.4849,103.71,4.6
1060,2013-09-26T17:44:16.680,-6.0041,-76.5556,26.15,4.9
1061,2013-09-26T16:16:32.320,-14.3513,-75.1583,75.66,4.1
1062,2013-09-26T03:42:11.800,-16.1034,-74.6507,37.3,4.6
1063,2013-09-25T16:42:43.170,-15.8385,-74.5112,40,7.1
1064,2013-09-23T02:54:13.000,-16.14,-73.05,65,4.5
1065,2013-09-22T08:41:34.700,-7.1799,-80.6038,28.1,4.8
1066,2013-09-20T17:32:26.000,-15.85,-73.23,55,4.5
1067,2013-09-18T10:26:02.040,-5.3895,-81.1984,44.83,4.5
1068,2013-09-15T09:59:01.320,-4.9142,-80.9002,59.48,4.5
1069,2013-09-09T16:32:08.000,-16.69,-71.6,33,3.8
1070,2013-09-09T13:47:45.570,-14.0784,-72.8475,68.77,4.2
1071,2013-09-07T04:22:41.940,-5.4003,-81.8795,37.6,4.3
1072,2013-09-05T00:51:54.000,-12.13,-75.68,38,4
1073,2013-09-02T08:12:35.710,-11.9343,-75.7467,21.4,4.6
1074,2013-09-02T03:03:49.970,-15.6722,-71.6886,143.76,4.5
1075,2013-09-01T19:51:18.310,-15.7466,-72.2537,119.55,4
1076,2013-08-27T21:56:11.840,-8.3792,-74.8769,113.22,4.3
1077,2013-08-25T05:43:43.000,-17.45,-70.85,17,4.2
1078,2013-08-21T02:43:31.390,-16.2187,-72.4015,139.65,4.4
1079,2013-08-20T21:29:09.000,-10.74,-74.91,21,3.9
1080,2013-08-20T01:16:21.000,-8.64,-79.67,36,4.7
1081,2013-08-17T20:37:00.920,-14.3142,-76.6122,12.26,4.3
1082,2013-08-17T13:29:41.500,-6.9853,-80.468,67.75,4.1
1083,2013-08-15T05:48:55.090,-5.5284,-81.9837,41.36,4.3
1084,2013-08-13T17:23:53.040,-15.2323,-70.6176,188.94,4.5
1085,2013-08-13T00:41:08.450,-6.7221,-81.6504,34.87,4.5
1086,2013-08-12T14:33:27.900,-5.215,-81.8787,10,4.2
1087,2013-08-12T09:49:32.360,-5.3962,-81.9268,10,6.2
1088,2013-08-12T02:27:57.000,-6.32,-80.14,58,4.2
1089,2013-08-11T00:31:12.550,-15.9642,-71.8085,25.93,4.6
1090,2013-08-08T15:21:41.290,-17.6366,-71.1524,9.8,4.7
1091,2013-08-05T11:24:06.040,-15.7682,-75.1241,33.54,4.4
1092,2013-08-03T18:39:38.000,-9.6972,-74.3845,92.4,4.4
1093,2013-08-02T03:21:03.000,-17.855,-69.792,142,4.5
1094,2013-07-31T10:28:08.000,-5.16,-80.74,56,4.5
1095,2013-07-31T10:25:21.000,-8.81,-79.99,44,4.6
1096,2013-07-30T15:12:17.010,-15.209,-71.875,131.1,4.3
1097,2013-07-29T03:47:56.000,-5.6,-80.92,38,4.2
1098,2013-07-29T01:42:31.640,-15.244,-75.82,33.4,4.5
1099,2013-07-28T16:57:33.950,-5.783,-80.73,46.8,4.6
1100,2013-07-25T02:07:20.750,-15.825,-72.005,18.8,4.7
1101,2013-07-23T09:48:50.800,-9.048,-78.661,79,4.6
1102,2013-07-22T23:29:03.870,-15.293,-75.717,37.5,4.3
1103,2013-07-17T12:59:16.000,-5.95,-76.16,74,4.6
1104,2013-07-17T02:37:43.180,-15.657,-71.74,7,6
1105,2013-07-16T09:27:40.450,-15.847,-72.253,39.4,4.9
1106,2013-07-15T22:35:45.420,-9.866,-74.626,131.3,5.4
1107,2013-07-13T13:27:36.100,-14.489,-76.11,64.6,4.4
1108,2013-07-12T20:32:36.880,-16.8,-70.791,109.2,5
1109,2013-07-12T19:27:36.680,-12.53,-76.866,46.4,4.7
1110,2013-07-12T10:29:43.220,-6.041,-75.156,39.6,4.6
1111,2013-07-10T20:42:41.980,-13.972,-73.521,58.9,4.1
1112,2013-07-10T04:49:52.300,-17.094,-71.582,33.4,4.4
1113,2013-07-09T05:54:18.940,-4.633,-80.623,86.7,4.2
1114,2013-07-06T02:02:57.400,-14.795,-71.727,27.1,4.5
1115,2013-07-05T22:47:59.600,-14.939,-72.095,35,4.6
1116,2013-07-04T02:59:25.940,-6.484,-80.755,47.7,4.6
1117,2013-07-01T12:10:05.730,-17.276,-70.67,122.2,4.4
1118,2013-06-30T16:39:13.940,-14.576,-75.292,47,4.9
1119,2013-06-30T02:33:00.020,-14.454,-75.465,45.2,4.7
1120,2013-06-18T18:40:02.780,-11.673,-77.278,64.8,4.6
1121,2013-06-17T21:10:19.000,-12.45,-77.19,56,4
1122,2013-06-16T16:26:13.190,-15.721,-71.871,9.9,4.9
1123,2013-06-14T09:59:26.540,-4.532,-80.682,25.6,4.3
1124,2013-06-11T02:55:40.480,-8.79,-79.969,29,4.5
1125,2013-06-10T14:21:16.820,-5.564,-81.628,43.8,4.9
1126,2013-06-09T18:42:57.790,-15.723,-70.462,238.2,4.6
1127,2013-06-06T11:21:25.150,-14.94,-73.595,106.1,4.3
1128,2013-06-05T09:14:53.960,-8.095,-74.261,152,5.2
1129,2013-06-04T08:29:05.990,-14.987,-71.77,109.3,4.7
1130,2013-06-02T20:58:54.000,-12.81,-76.56,74,4.2
1131,2013-06-02T10:46:27.430,-14.45,-75.423,60.8,4.6
1132,2013-05-25T05:00:41.500,-14.579,-73.369,79.1,4
1133,2013-05-21T23:02:45.130,-13.787,-72.263,92,5.8
1134,2013-05-21T13:27:49.350,-15.132,-71.351,103,5.2
1135,2013-05-20T06:15:17.820,-5.713,-78.342,63.5,4.3
1136,2013-05-19T05:37:49.000,-17.34,-70.92,106,4.7
1137,2013-05-17T16:29:51.000,-10.619,-75.269,45,4.6
1138,2013-05-14T23:39:15.000,-15.69,-73.33,105,5.5
1139,2013-05-13T13:54:04.000,-8.379,-80.4,38,4.9
1140,2013-05-11T19:38:27.550,-15.799,-71.565,158.3,4.3
1141,2013-05-11T02:19:12.080,-15.873,-72.165,84.6,4.7
1142,2013-05-10T03:35:18.920,-12.21,-76.672,77.4,4.1
1143,2013-05-05T14:33:11.670,-15.483,-72.492,118.8,4.2
1144,2013-05-05T13:18:58.300,-9.439,-79.094,52.3,5.1
1145,2013-05-04T04:06:18.420,-12.675,-77.584,44.3,4.6
1146,2013-05-02T19:49:51.110,-16.88,-69.696,178.8,4.4
1147,2013-04-22T00:56:36.280,-15.371,-70.436,183,4.6
1148,2013-04-21T09:40:02.090,-13.749,-75.663,77.5,4.3
1149,2013-04-20T16:39:43.980,-9.746,-79.427,41.8,4.5
1150,2013-04-10T16:20:21.260,-10.751,-75.291,102.8,5.1
1151,2013-04-09T00:32:25.910,-5.845,-80.345,62.4,4.3
1152,2013-04-07T20:40:50.610,-13.546,-76.278,46.5,4.7
1153,2013-04-07T08:40:38.120,-8.018,-79.578,73.7,4.6
1154,2013-04-06T10:31:09.000,-15.45,-74.79,54,4
1155,2013-04-06T09:34:13.240,-9.919,-75.42,46.7,4.6
1156,2013-04-06T08:49:28.940,-8.802,-78.746,74.6,4.6
1157,2013-04-03T00:48:34.980,-16.826,-71.584,48.9,4
1158,2013-04-02T00:43:52.710,-16.005,-71.971,150.4,4.2
1159,2013-03-30T17:30:47.180,-9.492,-79.054,35,5.4
1160,2013-03-28T20:17:53.630,-16.592,-72.746,28,4.4
1161,2013-03-26T20:34:22.450,-16.585,-74.082,54.3,4.1
1162,2013-03-24T07:30:24.250,-13.464,-74.025,37.6,4.5
1163,2013-03-23T22:37:35.770,-15.894,-71.845,25.5,4.7
1164,2013-03-23T08:00:12.240,-16.104,-74.042,35,4.2
1165,2013-03-19T23:06:31.680,-13.138,-76.373,57.9,4.5
1166,2013-03-18T16:16:34.710,-16.512,-72.253,83.9,4.7
1167,2013-03-17T17:35:53.800,-9.004,-80.591,35,4.9
1168,2013-03-14T15:50:51.650,-15.924,-71.662,43,4.6
1169,2013-03-14T09:16:49.470,-12.073,-72.103,10,4.6
1170,2013-03-14T08:55:04.240,-11.894,-72.03,26.9,4.5
1171,2013-03-09T04:40:29.490,-10.396,-78.637,67,4.4
1172,2013-03-04T17:23:00.400,-8.307,-75.573,23.7,4.8
1173,2013-03-03T17:40:34.260,-16.74,-71.961,64.3,4
1174,2013-02-28T03:53:55.540,-16.432,-72.121,120.6,4.2
1175,2013-02-27T15:56:09.980,-3.51,-78.674,93.9,4.5
1176,2013-02-25T17:54:22.280,-15.699,-72.289,116.1,4.5
1177,2013-02-25T05:02:30.900,-18.238,-71.448,40.8,4.4
1178,2013-02-23T20:08:24.400,-16.006,-71.671,60.6,4.4
1179,2013-02-23T10:49:30.200,-16.07,-72.65,10,4.1
1180,2013-02-22T21:50:49.560,-15.826,-71.495,18.4,5.2
1181,2013-02-22T21:01:47.230,-15.748,-71.425,7.9,5.3
1182,2013-02-22T20:15:23.550,-15.696,-71.308,10,4.9
1183,2013-02-22T20:09:55.000,-14.49,-75.92,60,4.3
1184,2013-02-20T13:26:00.010,-15.235,-72.112,99.2,4.7
1185,2013-02-18T16:19:49.590,-15.717,-72.098,125.9,4.6
1186,2013-02-18T04:51:55.350,-3.54,-76.881,109.9,4.7
1187,2013-02-11T13:59:15.380,-10.302,-74.497,45,4.5
1188,2013-02-07T09:36:54.280,-6.644,-74.297,162.8,4.5
1189,2013-01-31T18:23:00.190,-15.659,-75.097,17.7,4.4
1190,2013-01-31T02:40:22.690,-16.05,-74.816,45.4,4.3
1191,2013-01-30T23:34:30.900,-16.152,-74.931,36.6,4.7
1192,2013-01-29T10:47:55.850,-15.652,-70.304,217.7,4.1
1193,2013-01-29T03:31:22.630,-15.403,-71.98,116.3,4.2
1194,2013-01-28T22:04:33.000,-16.15,-73.68,45,4.2
1195,2013-01-23T14:53:31.850,-17.87,-69.966,116.2,4.5
1196,2013-01-19T05:14:05.090,-13.632,-76.828,35,4.3
1197,2013-01-18T19:51:42.100,-12.959,-71.253,47.3,4.5
1198,2013-01-17T02:04:41.710,-15.302,-70.798,72.7,4.3
1199,2013-01-16T07:04:14.860,-5.822,-76.924,25.5,4.2
1200,2013-01-16T01:29:22.110,-15.864,-71.815,35,4.6
1201,2013-01-16T00:07:42.780,-15.098,-70.802,57.1,4.6
1202,2013-01-15T22:34:50.000,-5.74,-80.66,40,4.6
1203,2013-01-06T14:34:56.870,-17.622,-72.014,74.7,4.7
1204,2012-12-31T23:11:12.800,-17.828,-69.771,121.6,4.3
1205,2012-12-31T09:30:51.970,-7.078,-80.733,44.5,4
1206,2012-12-31T08:46:21.140,-11.155,-77.346,77.4,4.9
1207,2012-12-30T20:49:27.830,-12.861,-70.938,28.3,5.2
1208,2012-12-30T13:32:49.000,-10.75,-77.58,67,4.4
1209,2012-12-29T01:57:40.000,-11.37,-76.86,96,4.6
1210,2012-12-25T03:30:14.590,-8.777,-79.63,47.7,4
1211,2012-12-24T05:31:33.760,-17.949,-69.906,95.5,4.8
1212,2012-12-22T16:02:43.600,-6.077,-76.629,35,4.9
1213,2012-12-22T06:43:39.000,-12.56,-76.82,51,4.2
1214,2012-12-17T13:22:15.500,-8.255,-76.257,55.2,4.3
1215,2012-12-11T02:13:28.000,-17.814,-69.842,158,4.5
1216,2012-12-10T16:09:41.700,-15.544,-72.855,36.5,4.3
1217,2012-12-10T11:25:24.000,-11.86,-77.23,51,4.3
1218,2012-12-07T07:07:04.260,-16.42,-74.485,35,4
1219,2012-12-04T04:21:58.990,-8.896,-74.37,148.6,4.5
1220,2012-11-30T09:02:47.490,-15.215,-72.818,81,4.6
1221,2012-11-29T07:09:12.130,-6.588,-81.07,10,5.5
1222,2012-11-28T03:09:48.720,-4.522,-76.101,118.3,5.6
1223,2012-11-26T22:27:39.380,-17.628,-69.809,130.7,4
1224,2012-11-22T23:20:55.000,-15.78,-74.79,45,4.2
1225,2012-11-22T21:12:09.000,-14.63,-76.08,40,4.2
1226,2012-11-19T16:34:26.370,-17.844,-70.42,57.4,4.6
1227,2012-11-16T06:13:44.000,-17.736,-69.614,154.3,4.1
1228,2012-11-16T06:05:40.430,-7.974,-74.359,145.6,4.3
1229,2012-11-16T00:21:57.970,-13.288,-76.529,43,4.7
1230,2012-11-12T14:08:33.540,-5.243,-76.447,35,4.6
1231,2012-11-10T14:57:50.740,-8.866,-75.071,129,6
1232,2012-11-09T12:19:07.220,-8.598,-74.315,152.2,4.6
1233,2012-11-04T20:29:38.000,-13.58,-76.02,85,4
1234,2012-11-04T09:59:53.550,-9.669,-74.564,131.3,4.1
1235,2012-11-04T06:37:38.260,-15.874,-71.878,137.7,5.4
1236,2012-11-04T01:52:12.410,-12.03,-75.69,102.2,4.9
1237,2012-11-03T13:56:19.850,-15.507,-71.576,113.8,4.9
1238,2012-11-03T09:47:02.380,-16.529,-71.813,118.3,4.3
1239,2012-11-01T01:37:30.170,-12.28,-76.433,52,4.6
1240,2012-10-25T20:49:35.760,-5.919,-76.074,24.5,5.4
1241,2012-10-19T15:42:47.000,-7.48,-80.2,30,4.1
1242,2012-10-17T02:25:58.960,-13.556,-70.255,46.7,4.7
1243,2012-10-11T00:17:36.130,-15.523,-75.074,28.6,4.3
1244,2012-10-09T02:32:28.990,-13.8,-75.935,39.4,4.2
1245,2012-10-05T17:56:01.630,-15.591,-70.75,184.2,4.5
1246,2012-10-03T22:48:56.460,-14.294,-76.052,24.4,4.9
1247,2012-10-01T22:51:21.370,-8.921,-75.525,51.7,4.4
1248,2012-09-28T04:39:01.000,-11.83,-76.48,100,4.4
1249,2012-09-25T17:49:08.480,-8.993,-75.982,128.1,4.7
1250,2012-09-24T23:25:09.000,-16.72,-73.18,48,4.3
1251,2012-09-23T08:47:18.180,-13.072,-76.628,18.7,4.1
1252,2012-09-23T00:40:08.580,-8.274,-74.198,126.5,4.3
1253,2012-09-22T08:36:20.290,-17.443,-71.081,46.4,4.2
1254,2012-09-20T06:08:06.560,-13.906,-72.583,87.1,4.9
1255,2012-09-15T05:14:24.070,-3.921,-80.351,35,4.3
1256,2012-09-06T23:05:19.840,-16.444,-73.561,35,4.4
1257,2012-09-06T21:04:21.650,-16.046,-73.403,49.4,4.8
1258,2012-09-05T00:59:40.300,-11.076,-73.295,23.1,4.2
1259,2012-09-02T10:11:48.470,-16.197,-70.227,152.2,4.4
1260,2012-09-01T14:40:13.160,-8.277,-79.763,74.5,4.3
1261,2012-09-01T07:00:16.170,-3.4,-80.62,64.5,4.3
1262,2012-08-30T03:01:25.250,-8.626,-74.871,136.8,4.8
1263,2012-08-21T04:34:22.050,-4.95,-77.205,27,4.5
1264,2012-08-13T05:32:47.660,-5.697,-76.895,120.1,4.9
1265,2012-08-11T09:35:47.000,-11.45,-77.7,69,4.5
1266,2012-08-09T16:14:43.990,-6.254,-80.653,49.5,4.4
1267,2012-08-08T19:07:11.890,-6.514,-75.99,35,4.1
1268,2012-08-08T08:35:15.710,-9.614,-75.548,111.7,4.5
1269,2012-08-07T21:43:51.530,-17.987,-69.701,89.8,4.4
1270,2012-08-07T10:31:03.380,-13.433,-76.785,30.5,4.7
1271,2012-08-07T02:02:50.000,-9.074,-76.178,120,4.8
1272,2012-08-06T07:23:39.200,-13.769,-76.579,35,4
1273,2012-08-03T18:03:16.560,-16.174,-72.651,79.3,4.6
1274,2012-08-02T09:38:30.850,-8.414,-74.259,144.6,6.1
1275,2012-07-31T22:34:42.680,-14.387,-76.042,35,4.5
1276,2012-07-31T01:07:35.920,-6.697,-75.482,21.6,4.6
1277,2012-07-29T17:35:49.000,-12.02,-77.2,58,4.5
1278,2012-07-20T12:15:06.000,-9.96,-75.38,20,4
1279,2012-07-18T04:06:54.000,-8.04,-74.62,163,4.5
1280,2012-07-16T18:30:41.380,-14.559,-76.061,10,4.3
1281,2012-07-16T03:33:43.760,-13.409,-72.591,44.7,4.4
1282,2012-07-15T20:05:06.030,-13.58,-73.796,78.8,5
1283,2012-07-13T21:26:13.210,-15.232,-73.172,88.8,5.1
1284,2012-07-13T10:17:55.510,-8.552,-74.289,146.8,4.3
1285,2012-07-13T00:57:57.240,-17.6,-69.648,122.4,4.6
1286,2012-07-12T08:11:49.260,-15.204,-75.307,35,4.3
1287,2012-07-11T21:41:53.190,-15.273,-75.27,35.4,4.9
1288,2012-07-11T20:52:37.030,-15.276,-75.288,14.3,5.4
1289,2012-07-11T18:02:51.080,-17.751,-71.834,86.7,4.1
1290,2012-07-09T10:02:58.080,-10.383,-78.501,49.3,4.1
1291,2012-07-06T22:59:45.000,-11.86,-76.37,24,4
1292,2012-07-06T18:59:07.470,-11.698,-76.497,10,4
1293,2012-07-05T23:36:48.770,-15.102,-73.017,95.3,4.6
1294,2012-07-03T13:47:03.190,-4.035,-76.15,115.4,5.1
1295,2012-07-02T23:31:37.910,-14.423,-75.598,39.7,5.7
1296,2012-06-27T12:41:07.000,-13.04,-76.2,96,4.4
1297,2012-06-26T21:17:14.000,-13.51,-76.21,48,4.3
1298,2012-06-21T22:17:11.030,-11.554,-76.665,92.1,4.6
1299,2012-06-18T07:43:25.850,-8.303,-74.131,161.7,4.1
1300,2012-06-17T18:49:15.880,-9.243,-75.477,10.6,4.3
1301,2012-06-16T20:35:14.440,-3.479,-77.555,33.1,4.5
1302,2012-06-16T10:36:48.000,-14,-76.14,56,4.2
1303,2012-06-12T07:23:38.060,-14.234,-72.728,72.4,4.3
1304,2012-06-11T23:37:37.150,-17.824,-69.78,94.4,4.9
1305,2012-06-08T12:54:20.000,-12.653,-77.172,43,4.6
1306,2012-06-07T16:03:18.900,-15.877,-72.413,110,6.1
1307,2012-06-04T21:37:32.000,-15.1,-75.54,40,4.4
1308,2012-05-31T06:35:54.000,-11.37,-77.53,46,4.1
1309,2012-05-31T04:57:24.590,-8.53,-74.166,161.6,4.6
1310,2012-05-30T21:59:02.380,-10.216,-74.516,19.2,4.8
1311,2012-05-27T10:10:32.630,-10.437,-75.445,40.6,4.6
1312,2012-05-27T05:21:34.350,-13.644,-76.253,52.3,4.7
1313,2012-05-23T23:01:53.000,-11.35,-77.74,73,4
1314,2012-05-23T14:36:43.970,-15.596,-74.386,43.3,4.6
1315,2012-05-23T01:04:36.000,-16.98,-71.07,110,4.9
1316,2012-05-17T03:45:27.000,-12.095,-76.526,100,4.4
1317,2012-05-16T01:54:09.300,-16.513,-72.794,63,4.3
1318,2012-05-15T21:20:32.000,-18.18,-70.33,98,4.2
1319,2012-05-15T01:50:42.940,-8.668,-79.759,50.2,4.9
1320,2012-05-15T00:45:49.000,-13.24,-76.44,60,4
1321,2012-05-11T06:54:03.000,-8.84,-79.33,60,4.3
1322,2012-05-10T02:33:08.980,-10.312,-74.848,49.7,4.5
1323,2012-05-09T22:47:11.000,-11.14,-74.58,75,4.1
1324,2012-05-06T12:40:59.050,-13.82,-75.801,54.4,5.6
1325,2012-05-06T00:10:18.230,-10.677,-78.23,73.8,4.4
1326,2012-05-02T21:57:11.000,-17.67,-71.43,65,4
1327,2012-04-29T05:07:48.000,-10.75,-76.21,10,4.3
1328,2012-04-29T03:10:23.420,-11.62,-73.281,37.1,4
1329,2012-04-25T16:19:36.800,-16.275,-71.566,100.8,4.6
1330,2012-04-25T09:37:10.100,-8.089,-74.407,144.7,4.1
1331,2012-04-24T08:09:24.670,-8.928,-79.392,58.1,4.7
1332,2012-04-24T02:42:08.050,-15.212,-75.49,29,4.5
1333,2012-04-22T23:45:58.480,-10.322,-75.966,129.1,4.6
1334,2012-04-21T11:36:05.370,-14.82,-71.481,111.2,5.4
1335,2012-04-19T23:02:45.300,-14.949,-71.721,110.2,4.9
1336,2012-04-17T21:28:19.000,-15.88,-74.69,60,4.2
1337,2012-04-17T12:26:34.160,-15.19,-74.341,72.4,4.4
1338,2012-04-14T07:01:16.000,-8.23,-79.11,71,4.6
1339,2012-04-07T23:54:42.590,-3.834,-81.215,42.3,4.2
1340,2012-04-03T09:17:21.430,-5.275,-76.57,35.8,4.4
1341,2012-04-03T03:08:08.020,-5.18,-80.583,63.9,5.4
1342,2012-03-29T22:27:38.610,-5.186,-80.789,57.4,4.2
1343,2012-03-25T23:01:01.200,-12.693,-77.731,24.5,4.6
1344,2012-03-25T22:00:06.510,-7.78,-75.856,52.2,4.7
1345,2012-03-24T14:39:25.720,-15.543,-70.654,163.6,4.6
1346,2012-03-24T11:46:23.000,-18.05,-69.741,165.4,4.5
1347,2012-03-24T06:52:12.970,-6.299,-79.905,82.5,4
1348,2012-03-19T23:21:33.950,-11.069,-77.944,59.5,4.8
1349,2012-03-19T19:59:08.530,-5.839,-80.6,74.3,4.8
1350,2012-03-15T13:21:30.000,-13.4,-76.23,64,4.4
1351,2012-03-14T10:52:37.580,-10.211,-75.988,118.1,4.6
1352,2012-03-13T21:30:57.970,-15.811,-70.469,177.6,4.7
1353,2012-03-12T06:34:58.510,-14.313,-75.567,61.4,4.8
1354,2012-03-11T08:20:36.000,-12.537,-77.132,52,4.2
1355,2012-03-10T04:21:53.810,-16.486,-73.726,94.2,4.2
1356,2012-03-09T02:03:32.300,-8.536,-80.292,37,4.8
1357,2012-02-24T17:40:55.920,-3.833,-81.049,41.8,4.8
1358,2012-02-24T06:50:09.000,-15.655,-72.757,116.4,4.7
1359,2012-02-14T04:42:20.000,-12.411,-76.938,42.4,4.8
1360,2012-02-14T02:15:38.000,-18.182,-69.682,120.4,4.8
1361,2012-02-12T09:28:16.350,-15.64,-74.157,65.5,5
1362,2012-02-11T04:44:24.470,-6.361,-76.491,16.7,4.7
1363,2012-02-11T04:27:18.550,-13.264,-76.714,57.7,4.1
1364,2012-02-07T14:53:15.500,-16.644,-72.657,64.9,4.4
1365,2012-02-07T02:18:25.730,-3.608,-77.343,41.7,4.7
1366,2012-02-05T20:58:46.840,-15.62,-70.664,175.7,4.7
1367,2012-02-03T13:47:52.000,-16.4,-72.67,86,4.4
1368,2012-02-03T05:02:44.180,-9.973,-78.883,65.2,4.6
1369,2012-02-02T04:50:48.420,-16.186,-73.526,72.2,4.9
1370,2012-02-01T04:49:46.210,-8.596,-79.96,46,4.8
1371,2012-01-30T05:11:00.950,-14.168,-75.635,43,6.4
1372,2012-01-17T11:53:22.980,-8.725,-74.325,151.1,4.5
1373,2012-01-13T05:13:20.950,-14.572,-76.035,41.5,4.7
1374,2012-01-11T18:58:34.240,-14.893,-72.67,77.6,4.9
1375,2012-01-08T07:35:41.090,-8.097,-74.296,156.4,4.5
1376,2011-12-30T09:22:16.190,-14.419,-75.476,49.2,5
1377,2011-12-29T13:45:41.000,-12.63,-76.82,71,4.4
1378,2011-12-29T03:32:44.150,-15.505,-70.369,168.8,4.6
1379,2011-12-26T20:29:40.000,-12.89,-76.98,41,4.3
1380,2011-12-19T05:37:58.540,-12.199,-77.093,53.2,4.7
1381,2011-12-12T14:38:23.750,-13.334,-77.09,10,4.2
1382,2011-12-08T10:04:52.700,-5.13,-77.942,47.4,4.4
1383,2011-12-05T23:07:45.000,-15.71,-74.58,81,4.6
1384,2011-12-03T05:08:33.880,-6.365,-81.225,35.4,4.5
1385,2011-11-30T03:23:02.170,-14.434,-73.36,74.9,5.1
1386,2011-11-30T02:01:58.140,-4.424,-77.111,38.1,4.6
1387,2011-11-27T19:56:39.240,-14.333,-75.919,35,5.2
1388,2011-11-26T06:59:58.300,-10.708,-78.192,51,5.1
1389,2011-11-24T04:36:26.380,-14.279,-76.02,40.5,4.5
1390,2011-11-22T23:02:11.580,-14.056,-72.583,71.2,4.9
1391,2011-11-22T20:58:05.260,-8.208,-74.134,157.8,4.6
1392,2011-11-22T05:24:17.880,-4.614,-80.626,75.6,4.4
1393,2011-11-22T02:18:06.520,-16.541,-71.904,97.3,5
1394,2011-11-21T18:10:50.190,-8.519,-80.171,52.9,4.5
1395,2011-11-16T14:02:13.880,-13.696,-76.252,48.2,4.6
1396,2011-11-14T06:24:29.960,-5.96,-81.851,20.5,4.5
1397,2011-11-09T18:22:56.440,-4.59,-77.475,24.4,4.9
1398,2011-11-07T10:36:38.680,-13.871,-76.939,33.5,4.7
1399,2011-11-07T04:14:04.240,-16.438,-71.048,99.1,4.4
1400,2011-11-06T15:21:51.530,-15.611,-71.576,141.5,4.4
1401,2011-11-06T15:21:23.480,-15.945,-71.785,125.7,4.1
1402,2011-11-04T02:46:57.430,-17.532,-69.727,159.1,4.1
1403,2011-11-02T02:06:23.410,-14.424,-76.234,33.8,4.8
1404,2011-11-01T17:30:15.640,-14.714,-76.328,1.5,4.5
1405,2011-10-31T20:35:09.380,-14.693,-76.225,9.8,4.7
1406,2011-10-30T15:25:00.890,-14.515,-76.164,15.9,4.1
1407,2011-10-30T10:58:01.620,-14.354,-75.854,46.5,4.7
1408,2011-10-30T06:02:47.000,-14.41,-76.32,45,4.3
1409,2011-10-30T02:10:47.660,-9.389,-75.362,32.1,4.9
1410,2011-10-30T00:50:06.370,-14.429,-76.436,28.5,4.1
1411,2011-10-29T22:07:45.450,-14.683,-76.262,35,4.1
1412,2011-10-29T17:14:29.330,-14.55,-76.376,10,4.5
1413,2011-10-29T08:31:05.640,-14.717,-75.948,18.4,4.8
1414,2011-10-29T05:33:45.920,-14.522,-76.178,25.7,4.8
1415,2011-10-29T05:26:03.480,-14.526,-76.066,26.9,4.8
1416,2011-10-29T04:23:37.880,-14.688,-75.949,26.5,4.7
1417,2011-10-29T01:45:30.460,-14.662,-76.036,35,4.1
1418,2011-10-29T01:37:49.550,-14.717,-75.83,37.5,4.5
1419,2011-10-29T00:48:58.380,-14.38,-75.973,37.7,4.8
1420,2011-10-28T23:46:01.720,-14.512,-75.844,10,5.6
1421,2011-10-28T22:00:04.950,-14.67,-76.014,25.9,5
1422,2011-10-28T21:51:57.950,-14.527,-76.108,17.3,4.9
1423,2011-10-28T20:26:48.370,-14.429,-76.095,15,4.8
1424,2011-10-28T19:10:33.360,-14.483,-76.114,8.2,5
1425,2011-10-28T19:01:02.330,-14.379,-75.998,22.3,5.6
1426,2011-10-28T18:54:34.040,-14.438,-75.966,24,6.9
1427,2011-10-20T14:56:41.000,-13.65,-75.65,75,4.1
1428,2011-10-17T15:22:40.660,-5.487,-77.327,20.7,4.7
1429,2011-10-15T03:17:56.750,-15.927,-73.256,86.2,4.6
1430,2011-10-14T21:09:09.840,-4.371,-76.923,111,4.4
1431,2011-10-13T15:06:15.970,-6.609,-75.551,12.3,5.1
1432,2011-10-11T23:26:01.740,-15.311,-74.567,42.4,4.4
1433,2011-10-11T11:36:47.460,-11.154,-73.791,37.4,4.7
1434,2011-10-08T12:29:25.910,-15.493,-70.574,166.8,4.6
1435,2011-10-05T12:04:31.000,-17.18,-71.25,84,4.2
1436,2011-10-05T09:16:07.000,-14.62,-76.2,33,4.4
1437,2011-09-25T19:59:07.000,-16.29,-75.32,36,4.5
1438,2011-09-25T00:35:08.670,-5.962,-81.772,35.1,5.1
1439,2011-09-25T00:13:04.430,-16.183,-71.958,121.7,4.2
1440,2011-09-23T10:15:09.540,-11.88,-75.923,90.3,4.5
1441,2011-09-23T05:21:38.700,-17.286,-70.532,114.5,4.5
1442,2011-09-17T16:09:16.040,-7.758,-74.573,144.3,4.5
1443,2011-09-16T21:50:07.000,-11.62,-77.76,64,4
1444,2011-09-14T17:06:09.910,-3.753,-80.915,55.5,4.3
1445,2011-09-12T04:32:30.310,-13.897,-75.967,51.9,4.7
1446,2011-09-11T12:40:50.130,-13.354,-77.183,27.2,4.8
1447,2011-09-02T03:46:09.310,-3.528,-79.649,85.9,4.9
1448,2011-08-31T16:33:53.130,-15.835,-71.744,122.4,4.5
1449,2011-08-31T01:36:20.000,-16.21,-73.79,45,3.8
1450,2011-08-31T00:53:19.000,-17.903,-69.619,136.6,4.7
1451,2011-08-29T16:37:05.700,-8.583,-74.087,164.6,4.2
1452,2011-08-24T18:16:51.670,-7.768,-74.528,140.8,5.4
1453,2011-08-24T17:46:11.650,-7.641,-74.525,147,7
1454,2011-08-23T00:46:56.000,-17.891,-71.919,23.9,4.3
1455,2011-08-21T07:37:37.000,-10.27,-78.84,52,4.3
1456,2011-08-12T09:12:00.070,-15.789,-71.936,10,4.7
1457,2011-07-31T00:42:11.000,-13.3,-76.8,54,4
1458,2011-07-27T21:25:32.570,-8.362,-80.017,53.7,4.9
1459,2011-07-25T18:25:10.270,-5.348,-76.608,110.3,5.2
1460,2011-07-24T15:49:07.620,-14.797,-74.31,96.6,5
1461,2011-07-22T23:54:32.000,-9.58,-79.45,50,4.2
1462,2011-07-21T22:16:45.010,-8.155,-74.395,154.6,4.4
1463,2011-07-18T17:44:00.240,-7.312,-75.804,54.7,4.7
1464,2011-07-14T23:28:02.590,-3.634,-77.374,35.5,4
1465,2011-07-13T08:23:27.130,-15.607,-71.651,112,4.5
1466,2011-07-10T11:49:08.180,-15.79,-72.756,96.8,4.4
1467,2011-07-07T23:40:28.830,-17.421,-70.516,139.3,4
1468,2011-07-02T00:03:40.180,-14.428,-75.818,36.7,4.8
1469,2011-06-30T13:59:05.000,-13.47,-76.3,77,4.1
1470,2011-06-29T10:41:34.260,-6.295,-76.99,53,4.7
1471,2011-06-27T21:05:29.790,-6.493,-80.71,50,4.7
1472,2011-06-22T07:52:11.810,-11.267,-73.395,14.7,4.5
1473,2011-06-19T00:20:03.800,-5.963,-80.976,10,5.5
1474,2011-06-18T22:11:23.330,-5.825,-80.691,69.7,4.8
1475,2011-06-18T00:50:21.000,-15.66,-74.44,68,4
1476,2011-06-15T14:16:49.510,-15.114,-72.051,92.5,4.4
1477,2011-06-14T16:25:06.260,-9.718,-74.588,131.6,4.3
1478,2011-06-14T08:38:19.480,-10.281,-70.973,539.7,4.2
1479,2011-06-12T20:32:21.000,-8.68,-75.23,140,4.8
1480,2011-06-11T22:15:59.000,-8.86,-75.99,24,4.2
1481,2011-06-08T10:53:03.420,-16.351,-69.822,183.1,4.4
1482,2011-06-04T13:37:42.000,-7.74,-74.63,141,5
1483,2011-06-03T14:51:35.000,-15.93,-73.98,70,4
1484,2011-05-27T22:07:48.000,-14.59,-76.61,28,4.1
1485,2011-05-25T01:33:59.180,-6.639,-75.674,28.1,4.2
1486,2011-05-21T01:34:31.640,-3.625,-80.318,48.8,4.3
1487,2011-05-14T17:22:40.130,-13.308,-71.617,35,4.2
1488,2011-05-07T10:33:45.200,-15.097,-74.233,59.7,4.9
1489,2011-05-02T15:30:38.740,-16.429,-74.647,16.2,4.1
1490,2011-04-30T15:49:40.000,-6.92,-77.1,45,4.5
1491,2011-04-27T22:19:56.000,-18.303,-71.685,34.4,4.8
1492,2011-04-26T16:07:10.390,-14.964,-72.63,126.6,4.5
1493,2011-04-25T04:31:00.490,-11.984,-72.176,23.8,4.8
1494,2011-04-25T00:25:05.000,-13.73,-76.38,48,4
1495,2011-04-24T14:51:33.440,-13.67,-76.146,47.5,4.2
1496,2011-04-21T16:11:09.000,-15.93,-74.76,35,4.2
1497,2011-04-20T22:27:59.980,-3.877,-79.473,103.3,4.7
1498,2011-04-17T09:57:31.390,-16.525,-72.619,120,4.3
1499,2011-04-16T17:01:39.000,-15.89,-72.82,44,4.2
1500,2011-04-12T09:30:08.530,-16.434,-73.556,44.6,4.4
1501,2011-03-29T09:26:55.660,-6.237,-74.979,35,4.5
1502,2011-03-27T13:26:36.840,-8.7,-74.619,132.2,4.8
1503,2011-03-25T00:25:47.940,-13.352,-77.129,29.3,4.2
1504,2011-03-23T10:55:09.800,-14.065,-75.413,57.6,4.7
1505,2011-03-21T06:48:26.620,-14.549,-76.715,10,4.4
1506,2011-03-20T01:55:58.230,-14.204,-76.565,35,4.1
1507,2011-03-19T23:52:47.670,-14.048,-76.393,44.1,4.2
1508,2011-03-17T15:46:33.000,-10.513,-78.125,93.4,4.3
